partition,fold,arm,n,n_resistant,roc_auc,pr_auc,fit_rows,screening_rows,fit_seconds,threshold,supported,selection_resistant,sensitivity,specificity,flag_rate,precision
42,0,A0,484,50,0.775299539170507,0.3172005690071034,1937,0,73.2,0.04602162354748513,True,197.0,0.96,0.29493087557603687,0.731404958677686,0.13559322033898305
42,0,A1,484,50,0.6867741935483871,0.2298916060743257,2413,476,78.9,0.06806876076249643,True,197.0,0.86,0.4032258064516129,0.6239669421487604,0.1423841059602649
42,1,A0,484,49,0.823739150832747,0.48191983698695084,1937,0,74.7,0.0521449308087547,True,198.0,0.9183673469387755,0.3793103448275862,0.6508264462809917,0.14285714285714285
42,1,A1,484,49,0.8236453201970442,0.39667441014599764,2406,469,82.6,0.05966105356180527,True,198.0,0.9183673469387755,0.4045977011494253,0.628099173553719,0.14802631578947367
42,2,A0,484,49,0.7981703026038001,0.43083220920298765,1937,0,71.4,0.05316923501398415,True,198.0,0.8775510204081632,0.4896551724137931,0.5475206611570248,0.16226415094339622
42,2,A1,484,49,0.8076471968097584,0.3605874599985046,2427,490,85.9,0.04840814396277667,True,198.0,0.9387755102040817,0.38850574712643676,0.6446280991735537,0.14743589743589744
42,3,A0,484,49,0.6910626319493315,0.22925896546727104,1937,0,72.0,0.040058957053189494,True,198.0,0.8367346938775511,0.31264367816091954,0.7024793388429752,0.12058823529411765
42,3,A1,484,49,0.7380717804363125,0.2562308660351089,2429,492,82.9,0.059755610182875486,True,198.0,0.8775510204081632,0.40229885057471265,0.6260330578512396,0.1419141914191419
42,4,A0,485,50,0.7625747126436782,0.3658225141499923,1936,0,73.0,0.04620721657427378,True,197.0,0.88,0.3701149425287356,0.6556701030927835,0.13836477987421383
42,4,A1,485,50,0.7488275862068966,0.29206559099503704,2415,479,83.0,0.05416243916979563,True,197.0,0.88,0.3793103448275862,0.6474226804123712,0.14012738853503184
43,0,A0,484,49,0.7289702087731644,0.300616785676707,1937,0,41.3,,,,,,,
43,0,A1,484,49,0.7085620455078583,0.2663730236372599,2414,477,44.8,,,,,,,
43,1,A0,484,50,0.7849769585253457,0.4737939987079913,1937,0,40.4,,,,,,,
43,1,A1,484,50,0.8241013824884793,0.43584003993028014,2403,466,45.3,,,,,,,
43,2,A0,484,49,0.7706310110250998,0.2984985594323034,1937,0,39.3,,,,,,,
43,2,A1,484,49,0.7384001876612714,0.24102960820478544,2426,489,45.3,,,,,,,
43,3,A0,484,49,0.7662678864649308,0.36841019274529374,1937,0,40.1,,,,,,,
43,3,A1,484,49,0.7907576823832981,0.3523131046296636,2426,489,46.1,,,,,,,
43,4,A0,485,50,0.7738850574712643,0.35957563136748477,1936,0,40.8,,,,,,,
43,4,A1,485,50,0.7511724137931034,0.28981486156893743,2421,485,45.3,,,,,,,
44,0,A0,484,50,0.6796774193548387,0.25870805760486887,1937,0,38.5,,,,,,,
44,0,A1,484,50,0.7314746543778802,0.2626500832837512,2420,483,45.8,,,,,,,
44,1,A0,484,49,0.8231292517006803,0.4668559542415678,1937,0,40.4,,,,,,,
44,1,A1,484,49,0.7907576823832981,0.3594166507167492,2407,470,50.2,,,,,,,
44,2,A0,484,49,0.8103682852451325,0.38473023909099047,1937,0,43.3,,,,,,,
44,2,A1,484,49,0.7402768003753226,0.30004155950764233,2418,481,50.7,,,,,,,
44,3,A0,484,49,0.7879427633122215,0.37617615053261616,1937,0,58.3,,,,,,,
44,3,A1,484,49,0.8142153413089375,0.34500696654579377,2420,483,75.7,,,,,,,
44,4,A0,485,50,0.7953563218390804,0.43134851349212916,1936,0,45.5,,,,,,,
44,4,A1,485,50,0.7786666666666666,0.29404482918434766,2425,489,50.7,,,,,,,
