column,bin_start,bin_end,mz_start,mz_end,mean_abs,mean_signed,rows_used,nonzero_rows,value_correlation
3260,3260,3260,11780.0,11783.0,0.38007160061741374,0.02994396307690892,426,426,0.4125069961720954
2149,2149,2149,8447.0,8450.0,0.27565512501985395,0.012075062217496258,426,426,0.842576073606538
1298,1298,1298,5894.0,5897.0,0.23028765652885086,0.02696753302055029,426,426,0.4844340100390191
1634,1634,1634,6902.0,6905.0,0.14748259231357147,-0.014238940675032764,426,426,0.6023663679279146
1285,1285,1285,5855.0,5858.0,0.13863790846483975,-0.005753647444236673,426,426,-0.8491318984301178
1622,1622,1622,6866.0,6869.0,0.13605163089032976,0.002007054947314661,426,426,-0.8799285200110984
1604,1604,1604,6812.0,6815.0,0.11639165563685874,0.007350416234743705,426,426,-0.58013244364936
2825,2825,2825,10475.0,10478.0,0.11155874308022147,-0.011109650500690614,426,426,0.5894215825328053
2167,2167,2167,8501.0,8504.0,0.09975022597493634,-0.006116727331242331,426,426,-0.776695583336082
1299,1299,1299,5897.0,5900.0,0.09832445481964561,0.002123112124714003,426,426,0.6239120353752214
2824,2824,2824,10472.0,10475.0,0.09799809821160538,-0.005861352587843137,426,426,0.8200039193696412
2168,2168,2168,8504.0,8507.0,0.09528282491402391,0.002574773488636964,426,426,-0.7952828640114554
1300,1300,1300,5900.0,5903.0,0.08577600149668699,-0.00256339792629966,426,426,0.7519627310633328
2150,2150,2150,8450.0,8453.0,0.08270025244233833,0.007302679733681028,426,426,0.7647942039896078
3261,3261,3261,11783.0,11786.0,0.07873381870699607,0.006827582883463659,426,426,0.5116383592348531
1603,1603,1603,6809.0,6812.0,0.07305900555291761,0.008448817415855766,426,426,-0.5145186257370646
3240,3240,3240,11720.0,11723.0,0.07303011197245048,0.005751089372380184,426,426,-0.8774071964053254
1631,1631,1631,6893.0,6896.0,0.07206831035929497,-0.00503784776493795,426,426,0.7936735165088894
1519,1519,1519,6557.0,6560.0,0.06964099018382776,0.010503763570674136,426,426,-0.6157167498724264
2170,2170,2170,8510.0,8513.0,0.06779720544284672,0.0021062159213483247,426,426,-0.8340219135449146
1632,1632,1632,6896.0,6899.0,0.06587463662961379,-0.007217505735104284,426,426,0.7604352440583715
2169,2169,2169,8507.0,8510.0,0.06127690781812464,-0.001791392540010203,426,426,-0.8608061871712435
352,352,352,3056.0,3059.0,0.059346496171338636,-0.0033566234668608976,426,426,0.7796269613825674
4412,4412,4412,15236.0,15239.0,0.05821503021021971,-0.0013984549894233902,426,426,0.7140027646049998
278,278,278,2834.0,2837.0,0.05634000176114833,-0.004518628110713934,426,426,0.6989328060940377
1517,1517,1517,6551.0,6554.0,0.05341636279008294,0.009000995610741537,426,426,-0.8045221764531257
1635,1635,1635,6905.0,6908.0,0.05211583210856751,0.00038272791578321117,426,426,0.7861750250781449
1541,1541,1541,6623.0,6626.0,0.051386700801653695,-0.002891961926382178,426,426,-0.6108337585784718
754,754,754,4262.0,4265.0,0.047823529148417046,-0.003770725850875214,426,426,0.5406113828583846
3257,3257,3257,11771.0,11774.0,0.04781932958934743,0.0037349046808635993,426,426,0.7503609507166057
1623,1623,1623,6869.0,6872.0,0.04641678889032689,0.002902518090437022,426,426,-0.7999786568979935
143,143,143,2429.0,2432.0,0.04314077708876424,8.778916868050124e-05,426,426,0.6297974539619589
94,94,94,2282.0,2285.0,0.042235421306606104,-0.0016507115702574901,426,426,0.7179443100260192
422,422,422,3266.0,3269.0,0.04121030220814855,-0.0018083866616582429,426,426,0.8444642008269482
2148,2148,2148,8444.0,8447.0,0.03988586910679004,0.005149162763294531,426,426,0.7540025107249088
886,886,886,4658.0,4661.0,0.039708119449515446,-0.0007005537247632078,426,426,0.7808884551280683
1884,1884,1884,7652.0,7655.0,0.03920567994570544,-0.007077790772944308,426,426,0.8794255989165465
1314,1314,1314,5942.0,5945.0,0.03892963803428444,0.0002616907680870935,426,426,0.6983859570149925
976,976,976,4928.0,4931.0,0.03860656339223675,0.006228196093462194,426,426,-0.799162341454707
2335,2335,2335,9005.0,9008.0,0.03839100724694503,-0.0033100023638247093,426,426,0.6284142657293811
2336,2336,2336,9008.0,9011.0,0.03832117734837815,-0.003250637520362164,426,426,0.7306502079012164
3259,3259,3259,11777.0,11780.0,0.037757711240405466,0.0029654909179161098,426,426,0.6340997841242481
339,339,339,3017.0,3020.0,0.03774232465218053,0.0017098475975374696,426,426,0.7796280479404877
720,720,720,4160.0,4163.0,0.03730635702506115,-0.001297025738046626,426,426,-0.4728286401145542
2600,2600,2600,9800.0,9803.0,0.036164734031709785,0.0038876481110252485,426,426,-0.6322265318041325
5113,5113,5113,17339.0,17342.0,0.03593076748367646,-0.0036104695009895587,426,426,0.6651398377245618
2561,2561,2561,9683.0,9686.0,0.035808308803273944,0.00392125085685765,426,426,-0.761118999435378
5586,5586,5586,18758.0,18761.0,0.034515429816815324,0.004151546881059294,426,426,-0.6416485321434212
1633,1633,1633,6899.0,6902.0,0.033377559180695675,-0.0027919528147391007,426,426,0.4639413724390703
378,378,378,3134.0,3137.0,0.0331346516222775,0.001157612498690436,426,426,-0.7101251287862178
1851,1851,1851,7553.0,7556.0,0.032552140758837375,0.0013630254654767961,426,426,-0.8229374705319671
2107,2107,2107,8321.0,8324.0,0.032130231504625774,-0.0014052194403464011,426,426,-0.6307804784347357
4039,4039,4039,14117.0,14120.0,0.0320372135338849,-0.0011754938728163581,426,426,-0.7117362859389519
1286,1286,1286,5858.0,5861.0,0.03189966292696316,-0.0007307930448335747,426,426,-0.7164583644586904
2823,2823,2823,10469.0,10472.0,0.03179794840657849,-0.003484157418176957,426,426,0.7488911870451251
4008,4008,4008,14024.0,14027.0,0.03173321508538942,-0.004538765592808988,426,426,0.7493499304283147
3956,3956,3956,13868.0,13871.0,0.03150161918445434,0.0010661905160793599,426,426,0.7658162704255848
960,960,960,4880.0,4883.0,0.031467135084904604,0.0025625896513133267,426,426,0.7205700548517722
353,353,353,3059.0,3062.0,0.031400713163230294,-0.00728142097022601,426,426,0.6932111473081498
755,755,755,4265.0,4268.0,0.031143561599137094,-0.00037941545518671013,426,426,0.7702439128502937
2569,2569,2569,9707.0,9710.0,0.030667471050435283,-0.0013975637105459243,426,426,-0.7277712950800269
1712,1712,1712,7136.0,7139.0,0.03001163422797874,0.001557406682560613,426,426,-0.7429958342145447
469,469,469,3407.0,3410.0,0.029600370876920884,-0.0033000384955084476,426,426,-0.8364332960152429
1011,1011,1011,5033.0,5036.0,0.029357695553590208,-0.0004878755925141148,426,426,0.7352525568066063
2602,2602,2602,9806.0,9809.0,0.02915875252850391,0.001190453414204705,426,426,-0.6859427999411246
4266,4266,4266,14798.0,14801.0,0.027965403173592304,-0.0004311255746126305,426,426,0.6783251993283742
1678,1678,1678,7034.0,7037.0,0.027935324470793405,0.00034766414332924157,426,426,0.8639458738933117
2155,2155,2155,8465.0,8468.0,0.027693294714129377,-0.0006237388828301792,426,426,-0.881165799037232
5811,5811,5811,19433.0,19436.0,0.027675643126030408,0.003541369881719373,426,426,-0.7644437680186389
3434,3434,3434,12302.0,12305.0,0.02748953654245313,0.001076134265291685,426,426,-0.6656132224837362
1897,1897,1897,7691.0,7694.0,0.026883194697916557,0.001620586041242922,426,426,0.7787204616318936
1538,1538,1538,6614.0,6617.0,0.026656310419862047,0.0029761647499401884,426,426,-0.6423591500788725
4317,4317,4317,14951.0,14954.0,0.026567701289158693,-0.000839629740257804,426,426,-0.7363506416512509
3258,3258,3258,11774.0,11777.0,0.026555327653532298,-0.0006820177517017612,426,426,0.8125395817682332
2826,2826,2826,10478.0,10481.0,0.026110017379558603,-0.0034491967662847916,426,426,0.8460929511495201
3203,3203,3203,11609.0,11612.0,0.026054620029688447,0.0008769706833588264,426,426,-0.6721554665940512
2594,2594,2594,9782.0,9785.0,0.025931086063257815,-0.0009208516772119236,426,426,-0.8056883635467579
2838,2838,2838,10514.0,10517.0,0.025515259762627394,-0.00033375486296290043,426,426,-0.5570787890311978
410,410,410,3230.0,3233.0,0.0255033463095047,-0.003157864663821822,426,426,0.6662702541187336
1254,1254,1254,5762.0,5765.0,0.02542195483305821,0.0010453620398626169,426,426,-0.5375525670901009
2615,2615,2615,9845.0,9848.0,0.02535813221115101,-0.0008813812254664983,426,426,-0.6594289750072275
1210,1210,1210,5630.0,5633.0,0.025108791130828013,-0.0019717338811706406,426,426,0.8501042125462515
242,242,242,2726.0,2729.0,0.025092393039350354,0.0007044415829413152,426,426,-0.7631455851793499
3264,3264,3264,11792.0,11795.0,0.02492979267287906,-0.0015001582962420506,426,426,0.5725961448910458
1269,1269,1269,5807.0,5810.0,0.024767766136633024,-0.0009910328940092856,426,426,-0.7380658104848958
193,193,193,2579.0,2582.0,0.02453819518896888,0.0019840932729168906,426,426,-0.8390976912584475
5906,5906,5906,19718.0,19721.0,0.024348346697005748,0.00038658461599338703,426,426,-0.5105305940015566
1982,1982,1982,7946.0,7949.0,0.02424840612364439,0.003792089581684117,426,426,-0.8094782775728624
3732,3732,3732,13196.0,13199.0,0.023741597152357758,0.0032083954548802465,426,426,-0.8334053443111282
721,721,721,4163.0,4166.0,0.023459523679644427,0.0010189994984550752,426,426,-0.4970413415885865
2916,2916,2916,10748.0,10751.0,0.023324776810318165,0.0063056322168848185,426,426,-0.7875546431918415
1522,1522,1522,6566.0,6569.0,0.023260837860041586,0.0012178260436058782,426,426,-0.8078933000122238
1819,1819,1819,7457.0,7460.0,0.02277126281648455,0.0013972218809151092,426,426,-0.7533007495309368
2560,2560,2560,9680.0,9683.0,0.022450840510431093,0.0014803152569537934,426,426,-0.7931668700728964
1518,1518,1518,6554.0,6557.0,0.022279213535162365,0.0030344104880607745,426,426,-0.6722092244886871
2589,2589,2589,9767.0,9770.0,0.022010111786074434,0.0024993157304355465,426,426,0.7858579192638482
1677,1677,1677,7031.0,7034.0,0.021665455432474966,-0.00063011043789215,426,426,0.6644023058311295
16,16,16,2048.0,2051.0,0.021612583877046686,0.0007002321856253719,426,426,0.8700905141553273
558,558,558,3674.0,3677.0,0.021359786428344914,-0.0007252647161032729,426,426,-0.7831135705263403
3398,3398,3398,12194.0,12197.0,0.021325820690180842,0.0003791823542639547,426,426,-0.705968533432974
2075,2075,2075,8225.0,8228.0,0.021273685384806947,0.0016389749200826002,426,426,-0.6594319242358685
3263,3263,3263,11789.0,11792.0,0.021175629606937967,0.0015259829138073724,426,426,0.6455478321109503
1289,1289,1289,5867.0,5870.0,0.021141160223031093,0.00040360940689654454,426,426,-0.7944291399311976
3396,3396,3396,12188.0,12191.0,0.021058149343682907,0.00036658481426640304,426,426,-0.6231682088674768
468,468,468,3404.0,3407.0,0.020007386334367404,0.0008809203062316429,426,426,-0.7485506087831731
4666,4666,4666,15998.0,16001.0,0.019706636958026998,0.0034661612341375663,426,426,-0.31192091489969115
654,654,654,3962.0,3965.0,0.01969815188837199,0.00011250416775021868,426,426,-0.7227959463628444
1294,1294,1294,5882.0,5885.0,0.019638292541447458,0.0021471091949412783,426,426,0.7326086509413278
4020,4020,4020,14060.0,14063.0,0.01961783630905861,-0.0017734754786211007,426,426,0.7052258879282266
275,275,275,2825.0,2828.0,0.019614172648153638,0.002665681160191964,426,426,0.5030428666502389
1270,1270,1270,5810.0,5813.0,0.019602237212674158,-0.0012577369710910908,426,426,-0.6792797673213825
4287,4287,4287,14861.0,14864.0,0.01948041422408426,-0.0026996928499561,426,426,0.7593033740769368
3921,3921,3921,13763.0,13766.0,0.019256859493493542,-0.00036661427895085457,426,426,0.8984886297102423
3306,3306,3306,11918.0,11921.0,0.019215920357464993,0.0009392233604254624,426,426,-0.7568577962339824
1651,1651,1651,6953.0,6956.0,0.019167285109713286,0.00028640263522611146,426,426,-0.7813947911189413
518,518,518,3554.0,3557.0,0.0190857845324906,-0.0014934108222233121,426,426,0.7099348259276003
3935,3935,3935,13805.0,13808.0,0.019033807221496144,0.0010334241155372872,426,426,0.6768818004172592
2658,2658,2658,9974.0,9977.0,0.019026377926629402,-0.00011991277123980848,426,426,0.8318962958076327
5233,5233,5233,17699.0,17702.0,0.018946910134200006,-0.0024263094419457476,426,426,0.7623377952646622
1711,1711,1711,7133.0,7136.0,0.018879599985481152,-0.0011939353018129398,426,426,-0.697135639293815
670,670,670,4010.0,4013.0,0.018819462268635057,0.00039618111947375165,426,426,0.789334425065339
2109,2109,2109,8327.0,8330.0,0.018809803894216545,-0.002382994847705789,426,426,-0.642890787347033
780,780,780,4340.0,4343.0,0.018630854328140614,0.001205412700340924,426,426,0.3948109874289129
868,868,868,4604.0,4607.0,0.01832080854772273,-0.002672552243367103,426,426,0.5153237651560277
1143,1143,1143,5429.0,5432.0,0.017771869778484894,0.0017229739183255263,426,426,-0.7948153336605942
3542,3542,3542,12626.0,12629.0,0.01762411977776089,-0.00021172790600962316,426,426,-0.627846093392935
180,180,180,2540.0,2543.0,0.01751515182793548,0.0010932879987604026,426,426,0.02837864215185035
3251,3251,3251,11753.0,11756.0,0.01750865329350631,-0.0017624614912848807,426,426,0.7332563428840176
5693,5693,5693,19079.0,19082.0,0.017266649966940203,-0.0005061872428444595,426,426,-0.6533863934125717
1012,1012,1012,5036.0,5039.0,0.01725169063569614,-0.0003316218117346534,426,426,0.7918349052851341
2503,2503,2503,9509.0,9512.0,0.017236745643607294,0.0006982746326259266,426,426,-0.26907900634278187
2052,2052,2052,8156.0,8159.0,0.017074863228733268,-0.00317323065668217,426,426,-0.41331072258041984
2437,2437,2437,9311.0,9314.0,0.016969330890412384,0.00041963606240725295,426,426,0.8103964190155397
1297,1297,1297,5891.0,5894.0,0.016952570941671154,0.00099551731624073,426,426,0.7373887296779714
88,88,88,2264.0,2267.0,0.016750494962894647,0.0026240114278510487,426,426,0.7223670664294348
1901,1901,1901,7703.0,7706.0,0.016519967283522678,0.00017119970068686324,426,426,0.7577635533548446
191,191,191,2573.0,2576.0,0.016413771754153553,-0.002972318407438264,426,426,0.5560589768116898
2195,2195,2195,8585.0,8588.0,0.016397089291386634,0.0007449214180118117,426,426,0.5646118950928328
762,762,762,4286.0,4289.0,0.01596445056020267,0.001055960834337299,426,426,-0.8469649914918634
2588,2588,2588,9764.0,9767.0,0.015929126221379854,0.0014076817345277293,426,426,0.7305802308772692
4267,4267,4267,14801.0,14804.0,0.015715010269127683,-0.0007736246356140846,426,426,0.6381824202600992
3295,3295,3295,11885.0,11888.0,0.015511592181353053,0.0016491637270129623,426,426,-0.4013937619186708
481,481,481,3443.0,3446.0,0.015212349314251862,0.0003573407245749584,426,426,-0.7512487072871171
495,495,495,3485.0,3488.0,0.01515137802056898,-0.0013649321825857442,426,426,-0.72115912446715
941,941,941,4823.0,4826.0,0.014881711369485408,0.00035906201665329967,426,426,-0.5870786532114578
1079,1079,1079,5237.0,5240.0,0.014851438654222724,-0.000437002002475306,426,426,0.8310709774558634
3234,3234,3234,11702.0,11705.0,0.014793706209934717,0.0006664582579855034,426,426,-0.8385303853411851
982,982,982,4946.0,4949.0,0.014759107322783961,0.0008189976396545113,426,426,-0.6167474276711378
807,807,807,4421.0,4424.0,0.014597583586983636,-0.00031659810479368926,426,426,0.6795639798288283
1799,1799,1799,7397.0,7400.0,0.0144804771465713,-0.0012981375160247307,426,426,0.8023763797830377
2451,2451,2451,9353.0,9356.0,0.014227130285520301,0.0004568592082362966,426,426,-0.6948599213409677
3250,3250,3250,11750.0,11753.0,0.014187629880551611,5.8723359672254565e-05,426,426,0.4613455317616873
3178,3178,3178,11534.0,11537.0,0.014144314730825714,0.00024095681230296324,426,426,-0.6158114834279744
3233,3233,3233,11699.0,11702.0,0.014113186741166552,-0.0002501389243233082,426,426,-0.7372873285673363
876,876,876,4628.0,4631.0,0.013999046559052965,7.69473141863772e-05,426,426,-0.5895446740229225
2631,2631,2631,9893.0,9896.0,0.013989821865053683,0.001144667029552338,426,426,-0.8351995871079902
2053,2053,2053,8159.0,8162.0,0.013955614426967395,-0.0032425629654248412,426,426,-0.7569039895615948
1521,1521,1521,6563.0,6566.0,0.01395283945869836,-0.0002721335832339104,426,426,-0.7866947102091818
1212,1212,1212,5636.0,5639.0,0.013900604313952222,-0.001198190342901514,426,426,0.46683332395530364
5256,5256,5256,17768.0,17771.0,0.013898570961349768,-2.0770604094411487e-05,426,426,0.7243693411127252
3342,3342,3342,12026.0,12029.0,0.01379253686260399,0.0006824736627590635,426,426,0.7291334231555445
934,934,934,4802.0,4805.0,0.013761457367481142,-0.00033463084212594595,426,426,0.7930290324395748
975,975,975,4925.0,4928.0,0.013748370013589204,0.0010125977952039854,426,426,-0.7752902885343305
2074,2074,2074,8222.0,8225.0,0.013731437422839967,0.00030027619881681656,426,426,-0.7708663852300457
1008,1008,1008,5024.0,5027.0,0.01339838622958926,-0.0005185558196817764,426,426,-0.644906324729969
2613,2613,2613,9839.0,9842.0,0.013385882372973121,-0.0012647887750171602,426,426,-0.6330422263571788
3237,3237,3237,11711.0,11714.0,0.013245247966422997,-0.0002995474506488053,426,426,-0.6785418656021714
3238,3238,3238,11714.0,11717.0,0.013235401686301506,-0.0007693785157449423,426,426,-0.8414255190322469
1627,1627,1627,6881.0,6884.0,0.013177546255790101,-0.00024247932781592207,426,426,0.8196968891458685
1233,1233,1233,5699.0,5702.0,0.0131665659427456,-0.0009213402900703573,426,426,0.7080020268965123
4935,4935,4935,16805.0,16808.0,0.013148282165008837,-0.0010026580676074932,426,426,0.7101860166824118
2585,2585,2585,9755.0,9758.0,0.013095174906534767,-0.003915774571698867,426,426,-0.7389874273420672
177,177,177,2531.0,2534.0,0.013068670828647757,-0.0005616483759349696,426,426,0.6928185894537913
250,250,250,2750.0,2753.0,0.013013043489588774,0.0017152678439417868,426,426,-0.5646440261627625
5595,5595,5595,18785.0,18788.0,0.012908720689355646,0.0013734026413535058,426,426,-0.7838045305297338
2911,2911,2911,10733.0,10736.0,0.012882558119893476,0.000281480839274852,426,426,-0.6317062257828553
5215,5215,5215,17645.0,17648.0,0.012843818248700395,-0.0014091045245822353,426,426,0.36582606543380614
4045,4045,4045,14135.0,14138.0,0.012771494509312139,-0.0007764352675406924,426,426,0.6766516229927898
2788,2788,2788,10364.0,10367.0,0.012765896089872232,0.0004187263558641222,426,426,0.6120412348730765
1959,1959,1959,7877.0,7880.0,0.012690191115442707,0.0004848383511938283,426,426,0.5158128714427355
3970,3970,3970,13910.0,13913.0,0.012677835344410686,0.0012006246105870477,426,426,-0.4127233858543887
954,954,954,4862.0,4865.0,0.012664162222719268,-0.0012699751602288176,426,426,-0.6702259458389682
1626,1626,1626,6878.0,6881.0,0.012661792882059729,0.0006969192377008453,426,426,0.5004511155651362
601,601,601,3803.0,3806.0,0.012620921470916095,7.50948410535651e-05,426,426,0.2343175349105239
2117,2117,2117,8351.0,8354.0,0.012619625501870962,0.0007655201280017861,426,426,0.6789057678413375
1293,1293,1293,5879.0,5882.0,0.012614450231929761,0.0011074633002954453,426,426,0.7074129249945187
3505,3505,3505,12515.0,12518.0,0.012587255478792282,-0.00017504057173962353,426,426,-0.6109884700978154
1592,1592,1592,6776.0,6779.0,0.012575594928487482,6.314032542429169e-05,426,426,0.7865427473228959
1971,1971,1971,7913.0,7916.0,0.012557174921628113,0.0009627135027425769,426,426,0.8416230070878501
389,389,389,3167.0,3170.0,0.012309546526147222,0.0001030530435804347,426,426,-0.7704874570470072
3010,3010,3010,11030.0,11033.0,0.012283170615897086,-0.002005238999802262,426,426,0.6843426125652919
1883,1883,1883,7649.0,7652.0,0.011969412122955589,0.0004010243354742724,426,426,0.8428098387819686
961,961,961,4883.0,4886.0,0.011965238328075894,0.002555698122130883,426,426,0.8323798545191342
995,995,995,4985.0,4988.0,0.011939356397437585,0.0012434844191252506,426,426,0.34999003471087264
236,236,236,2708.0,2711.0,0.011924256908247948,-0.001120421169823857,426,426,-0.5050747299612526
3036,3036,3036,11108.0,11111.0,0.011897855155601319,0.0012727203898017566,426,426,-0.6164805405595523
2915,2915,2915,10745.0,10748.0,0.011856232438666578,0.0032530966468195047,426,426,-0.7992058037715202
467,467,467,3401.0,3404.0,0.01185563187818246,-0.0006274472333507872,426,426,-0.6841407170118105
1420,1420,1420,6260.0,6263.0,0.011785029103129669,0.0001508821261145086,426,426,0.4044024231022514
2583,2583,2583,9749.0,9752.0,0.011717518942725439,0.002390537102547536,426,426,0.7580544404323725
2214,2214,2214,8642.0,8645.0,0.011705736826088707,-0.0003933936337390616,426,426,-0.7903528402818065
4918,4918,4918,16754.0,16757.0,0.01165501490818776,0.0012969818593070036,426,426,-0.3014212803672294
2599,2599,2599,9797.0,9800.0,0.011469797223147317,-0.0007871347282749359,426,426,-0.6354728564249528
2108,2108,2108,8324.0,8327.0,0.011456215274528347,0.00014544299551801608,426,426,-0.5234447969764511
1628,1628,1628,6884.0,6887.0,0.011388236256451705,9.53563019496576e-05,426,426,0.6978084785592433
340,340,340,3020.0,3023.0,0.011358734428760764,-0.0002160472921598847,426,426,0.6636133095584112
2268,2268,2268,8804.0,8807.0,0.011275079444351282,0.00022165638273800387,426,426,-0.6188898094449047
1582,1582,1582,6746.0,6749.0,0.011268932296738756,0.00036557203177978566,426,426,0.5569397096173958
1346,1346,1346,6038.0,6041.0,0.011236867762172276,0.0004213280915853938,426,426,-0.8252198630548964
1621,1621,1621,6863.0,6866.0,0.011230841405834384,-0.0002881113982422093,426,426,-0.819314731203033
2237,2237,2237,8711.0,8714.0,0.01109539871310467,-0.0008747092955528671,426,426,-0.7168718773586553
5645,5645,5645,18935.0,18938.0,0.01107838691350801,-0.00038637112506340754,426,426,-0.6389751997680705
1220,1220,1220,5660.0,5663.0,0.011075560079830566,0.0013644714383656384,426,426,-0.7850670769095612
3579,3579,3579,12737.0,12740.0,0.01103527237343977,0.0018157391241477915,426,426,-0.8169786098539592
490,490,490,3470.0,3473.0,0.010891256592876436,-0.0011337032599507833,426,426,-0.2490457692380535
17,17,17,2051.0,2054.0,0.010876910359010268,0.0004568277224288642,426,426,0.7119119521433807
899,899,899,4697.0,4700.0,0.010876154246906486,0.00031274836015198355,426,426,0.6072001536703344
5799,5799,5799,19397.0,19400.0,0.010767291642582924,-0.0006285453110268912,426,426,-0.6135504171405807
687,687,687,4061.0,4064.0,0.01073870834100971,-3.504168599350576e-05,426,426,0.5843003246091787
724,724,724,4172.0,4175.0,0.010723167737614779,-0.0002304918320890049,426,426,0.5114386997006145
2426,2426,2426,9278.0,9281.0,0.010716665448757616,0.00022773984260291498,426,426,-0.5461087450450048
2186,2186,2186,8558.0,8561.0,0.010676627971679481,0.0002690444443721231,426,426,0.5128991887680956
658,658,658,3974.0,3977.0,0.010647763635525566,0.0003237912684959173,426,426,0.8368525521499295
1605,1605,1605,6815.0,6818.0,0.01062206337673938,0.0023429526812860247,426,426,-0.5776748048561378
3502,3502,3502,12506.0,12509.0,0.010599205433810063,0.00026573656590711737,426,426,-0.5759443179337336
2675,2675,2675,10025.0,10028.0,0.010570108718233544,-0.0005866975607882261,426,426,0.7128399713614376
2518,2518,2518,9554.0,9557.0,0.010558600244060122,-0.0011217480948792792,426,426,-0.48779368498696746
5725,5725,5725,19175.0,19178.0,0.010524877303216768,0.0008630621482202932,426,426,0.6310414385229864
2106,2106,2106,8318.0,8321.0,0.010469497613016271,-0.0001942151436728412,426,426,-0.6007080943293798
3637,3637,3637,12911.0,12914.0,0.010410495304175779,-0.00018127146578732957,426,426,-0.6703097152701365
3731,3731,3731,13193.0,13196.0,0.010407752937708657,0.001182637848204203,426,426,-0.5457903081241219
392,392,392,3176.0,3179.0,0.010407217001961493,-0.0015892976568796177,426,426,0.24395483799615436
3249,3249,3249,11747.0,11750.0,0.010384518751209366,-0.0005998727716773545,426,426,0.5765356082771126
1108,1108,1108,5324.0,5327.0,0.010358414793486287,-6.929523407948405e-05,426,426,0.6840843977688469
3485,3485,3485,12455.0,12458.0,0.010338456702212881,0.00037334324361696855,426,426,-0.388893508933438
3516,3516,3516,12548.0,12551.0,0.010337230942358246,0.0010399285071077005,426,426,-0.5015384113896527
3242,3242,3242,11726.0,11729.0,0.010301114527306714,0.0023846511214974746,426,426,-0.8134230747529555
3116,3116,3116,11348.0,11351.0,0.010284807033321408,-0.0013224331812898731,426,426,0.5678254677534833
3179,3179,3179,11537.0,11540.0,0.010271553886081178,0.0012997873480335394,426,426,-0.8486989827101471
430,430,430,3290.0,3293.0,0.010262714877880275,0.00034735983186152464,426,426,0.8038272450517958
3117,3117,3117,11351.0,11354.0,0.01019118408644329,6.648262125983378e-05,426,426,0.7953242616867755
1853,1853,1853,7559.0,7562.0,0.010187629459112895,0.00021598133043689238,426,426,-0.6739777544288682
2953,2953,2953,10859.0,10862.0,0.010187009488192665,0.0003408645405766425,426,426,-0.5163485444974573
36,36,36,2108.0,2111.0,0.01014706098134327,0.0011325318274942936,426,426,0.5928726457103275
1357,1357,1357,6071.0,6074.0,0.010078057307379451,0.0009493435355344467,426,426,0.5847027952932753
699,699,699,4097.0,4100.0,0.010018643348608948,-0.0003412243777637631,426,426,-0.776521453757122
2452,2452,2452,9356.0,9359.0,0.009965015295173558,-0.0009166885435383002,426,426,-0.8222699221186291
3243,3243,3243,11729.0,11732.0,0.009930721130813247,0.001404204590107945,426,426,-0.7007504894652584
1172,1172,1172,5516.0,5519.0,0.009911795142079141,0.0008036430272660775,426,426,0.3119856263909397
140,140,140,2420.0,2423.0,0.009901202813494579,-0.00028642638929259463,426,426,0.09476050129125767
4836,4836,4836,16508.0,16511.0,0.009900989875879541,0.0006299570516883334,426,426,-0.6086640092691208
198,198,198,2594.0,2597.0,0.009845416714529907,0.0010437238919150194,426,426,0.6315564601607668
742,742,742,4226.0,4229.0,0.009803340627069553,-7.333397722273005e-05,426,426,0.7913998164493228
5888,5888,5888,19664.0,19667.0,0.00979379460340591,4.184379376663401e-05,426,426,-0.6405768303903618
81,81,81,2243.0,2246.0,0.009773183924590615,-0.00048224992500870074,426,426,-0.6695151723474534
2802,2802,2802,10406.0,10409.0,0.009719424143911658,-0.001340344415531543,426,426,0.672312344447582
3449,3449,3449,12347.0,12350.0,0.009716845659883353,-0.00033051939927278024,426,426,0.6332187024602072
4845,4845,4845,16535.0,16538.0,0.009693277475861446,-0.0005292858370856861,426,426,0.6929611915575251
89,89,89,2267.0,2270.0,0.00969281435052965,-0.00012610995809829415,426,426,0.5803679240050308
44,44,44,2132.0,2135.0,0.009681474422689318,-6.024004340290915e-06,426,426,0.7034253708937623
4856,4856,4856,16568.0,16571.0,0.009672835911530373,0.00017212951676607338,426,426,0.3122872674405772
2571,2571,2571,9713.0,9716.0,0.009614719564811977,-0.000600129484284427,426,426,-0.7082062448524336
2860,2860,2860,10580.0,10583.0,0.009599127051225752,0.0008097730679461506,426,426,-0.6370193387906998
1268,1268,1268,5804.0,5807.0,0.009595868445672943,0.00042300395452742566,426,426,-0.7786930174564468
5190,5190,5190,17570.0,17573.0,0.00959214841081016,0.0008294852411825066,426,426,-0.6658648771368771
3265,3265,3265,11795.0,11798.0,0.009584985500951708,-9.344365696105319e-07,426,426,0.36722439053106454
4748,4748,4748,16244.0,16247.0,0.009568328245387938,0.0010096960921318803,426,426,0.7936176385861389
1088,1088,1088,5264.0,5267.0,0.009554563185420304,-0.0008963549093947005,426,426,-0.557516801681883
2430,2430,2430,9290.0,9293.0,0.00955117368143331,-0.0013021334721273422,426,426,-0.46548754435969725
2641,2641,2641,9923.0,9926.0,0.009515737247071818,-9.594378404139945e-06,426,426,0.7629141483423201
2638,2638,2638,9914.0,9917.0,0.009411480750892568,0.0001634533616124629,426,426,0.5401885566048169
4251,4251,4251,14753.0,14756.0,0.009407663648896548,-7.08407342433557e-05,426,426,-0.7551736072117976
5922,5922,5922,19766.0,19769.0,0.0093985257127503,0.0005497672059450158,426,426,-0.7455846389248623
4774,4774,4774,16322.0,16325.0,0.009389101920588772,-0.0006314068238517789,426,426,0.38710935017275294
111,111,111,2333.0,2336.0,0.009385278844225827,-0.00038048172092616653,426,426,-0.5628051057887864
5307,5307,5307,17921.0,17924.0,0.009308284365665012,-0.002332841648731085,426,426,0.44893302719546274
2163,2163,2163,8489.0,8492.0,0.009274124868962931,-8.52135236052473e-05,426,426,-0.5887684197789965
27,27,27,2081.0,2084.0,0.009232470140161287,0.0012769258956751679,426,426,0.673025643660445
2962,2962,2962,10886.0,10889.0,0.009148274409939665,0.0008596510840102415,426,426,0.03340536953640842
952,952,952,4856.0,4859.0,0.009085759483264233,0.002088097373976873,426,426,-0.589337310549873
657,657,657,3971.0,3974.0,0.009047669341052571,-0.000802546673663357,426,426,-0.6689711526234035
3612,3612,3612,12836.0,12839.0,0.009044202370028741,-0.0005201874848370079,426,426,0.7659448258677176
4456,4456,4456,15368.0,15371.0,0.00901792384708087,0.00015525996845204012,426,426,0.8016527683139608
668,668,668,4004.0,4007.0,0.008994881572569169,0.0004698437466774517,426,426,0.6205413582756203
1710,1710,1710,7130.0,7133.0,0.008955573906010818,-0.0004166971312785275,426,426,-0.7717570223656306
3716,3716,3716,13148.0,13151.0,0.00893034069646425,-0.0016612391550440925,426,426,0.4569325846736288
1182,1182,1182,5546.0,5549.0,0.008922715270860153,-0.0004885273744436793,426,426,-0.7440072644158102
425,425,425,3275.0,3278.0,0.008890450477110807,-0.00044767447371642027,426,426,-0.8430768215852492
3652,3652,3652,12956.0,12959.0,0.008889155422984064,0.00042264107462397965,426,426,-0.56544308508199
297,297,297,2891.0,2894.0,0.008866947533655807,0.00012373375631781312,426,426,-0.6287046871392288
1613,1613,1613,6839.0,6842.0,0.008865103547992893,-0.0010710295079649488,426,426,-0.6614221879007895
3236,3236,3236,11708.0,11711.0,0.00880903004733028,0.0006705825900035084,426,426,-0.4844049834202903
1830,1830,1830,7490.0,7493.0,0.00880207479757852,0.0006514098437364026,426,426,0.6537412992172542
1295,1295,1295,5885.0,5888.0,0.008801509850434769,0.001016118051044993,426,426,0.8360238189018392
3366,3366,3366,12098.0,12101.0,0.008773862649550782,-1.5160805031249406e-05,426,426,0.688655841078135
741,741,741,4223.0,4226.0,0.008700660719388862,-0.00015756587971960134,426,426,0.8146299591182582
429,429,429,3287.0,3290.0,0.008692024817537026,-0.0003600290019606397,426,426,0.6428109107538349
2432,2432,2432,9296.0,9299.0,0.008672844804497282,-5.296609938814211e-05,426,426,-0.7726291173620141
4527,4527,4527,15581.0,15584.0,0.008669228349658607,-0.0009652284731100218,426,426,-0.11296938808950711
3821,3821,3821,13463.0,13466.0,0.008663849400817332,0.0012780493985058712,426,426,-0.5557138188690857
2415,2415,2415,9245.0,9248.0,0.0085958195738061,0.0006547956474195702,426,426,-0.6728918911636494
2180,2180,2180,8540.0,8543.0,0.008592552970481566,-0.00036062810866394106,426,426,-0.6457163286650022
4572,4572,4572,15716.0,15719.0,0.008588632371357005,-0.0022452799590332298,426,426,0.8072422804184948
54,54,54,2162.0,2165.0,0.008555046557018973,3.953617628432655e-05,426,426,0.5179434563019389
725,725,725,4175.0,4178.0,0.008524180405558333,-0.0011106927549964065,426,426,0.18612853592141082
2443,2443,2443,9329.0,9332.0,0.00848640356635291,-0.0005218892097965612,426,426,-0.7583845988175921
4768,4768,4768,16304.0,16307.0,0.008457989783603024,0.0011127791471765814,426,426,-0.39255302639034334
1296,1296,1296,5888.0,5891.0,0.00844702448757876,0.0011103705340192592,426,426,0.35688701155825986
4411,4411,4411,15233.0,15236.0,0.00839351519886429,-0.0010673074230580538,426,426,0.5250441259862819
1396,1396,1396,6188.0,6191.0,0.00837900359554176,0.000550152024681024,426,426,-0.8529896447149629
5915,5915,5915,19745.0,19748.0,0.008355029408284068,0.0002475783005621841,426,426,-0.7521274759777287
5774,5774,5774,19322.0,19325.0,0.008342918543975926,0.0007791917522539645,426,426,0.6205008599641987
2407,2407,2407,9221.0,9224.0,0.008256472537489925,-0.0015736623772079291,426,426,-0.3075998248934234
3466,3466,3466,12398.0,12401.0,0.008248162659794944,-3.5288349195250384e-05,426,426,-0.7229327904283827
1525,1525,1525,6575.0,6578.0,0.008218973387247936,-0.0005618744594842657,426,426,-0.30637665918364576
3095,3095,3095,11285.0,11288.0,0.008183170413957825,-5.8459143874967946e-05,426,426,0.695487020483557
2730,2730,2730,10190.0,10193.0,0.008162647063259436,0.0004937757912487485,426,426,-0.5296418491224862
1827,1827,1827,7481.0,7484.0,0.008160781430404628,1.8910731089025104e-05,426,426,-0.3786644997593151
2457,2457,2457,9371.0,9374.0,0.008117426751647094,-0.0003134499336850408,426,426,0.6646633383585351
1811,1811,1811,7433.0,7436.0,0.008099941282787772,0.0007057485193260759,426,426,0.7116451733213237
1602,1602,1602,6806.0,6809.0,0.008091926338615664,-0.00045471236867223284,426,426,-0.636362535694411
85,85,85,2255.0,2258.0,0.008057245129705607,0.0010881582001891594,426,426,0.5955907269860832
2947,2947,2947,10841.0,10844.0,0.008038393403693665,0.001312049126291521,426,426,-0.5244519365457955
2591,2591,2591,9773.0,9776.0,0.008030931479195032,-0.001018017584698935,426,426,-0.6787618258351087
838,838,838,4514.0,4517.0,0.008006486526212312,0.000690722710768312,426,426,0.29975315732388547
3448,3448,3448,12344.0,12347.0,0.00799246714134629,0.00014675470032054897,426,426,0.45043838363881117
1921,1921,1921,7763.0,7766.0,0.00797843821815903,0.0014577780152972084,426,426,-0.560200057090886
950,950,950,4850.0,4853.0,0.007967273905173615,0.0024923629981928983,426,426,-0.6098810704776295
5398,5398,5398,18194.0,18197.0,0.00796046368361408,0.0005121096342471668,426,426,-0.6322713109754737
2907,2907,2907,10721.0,10724.0,0.007931065115309064,0.0006403148537587613,426,426,0.3443066512059828
2271,2271,2271,8813.0,8816.0,0.00792977658221533,0.0006104721514506198,426,426,-0.7679692572323247
2442,2442,2442,9326.0,9329.0,0.007923443395092652,0.001574765605267865,426,426,-0.687407375787997
722,722,722,4166.0,4169.0,0.007921003270629048,0.0030029371788524513,426,426,0.40280743354945925
2094,2094,2094,8282.0,8285.0,0.007890700497426672,0.00018919143646879864,426,426,-0.6389069723185398
631,631,631,3893.0,3896.0,0.007883945937729848,0.00037505833526451775,426,426,-0.7379128431938985
2597,2597,2597,9791.0,9794.0,0.00787737608772422,-0.0007209026939194897,426,426,-0.690044486803006
1187,1187,1187,5561.0,5564.0,0.007863227219485349,0.0011608062274736104,426,426,-0.7704142638694924
885,885,885,4655.0,4658.0,0.007856161748198642,0.00010182042379740351,426,426,0.8101629033793446
5998,5998,5998,19994.0,19997.0,0.007854866001258537,0.0007691406805450334,426,426,-0.7037354966893811
1170,1170,1170,5510.0,5513.0,0.007838562815620669,0.00026697483839073315,426,426,0.5843259734283156
1071,1071,1071,5213.0,5216.0,0.007816595781856926,3.248691871979204e-05,426,426,0.8314491292456714
1953,1953,1953,7859.0,7862.0,0.007813656436178608,-0.0010946177851530016,426,426,-0.7453853114647923
1,1,1,2003.0,2006.0,0.007811417134401925,0.0006713432038164857,426,426,0.6607703786300677
1636,1636,1636,6908.0,6911.0,0.007810482669132833,0.0004332359682266001,426,426,0.7741751569957567
1135,1135,1135,5405.0,5408.0,0.007810300388848521,-0.0010315488970608759,426,426,-0.45106566108318186
3433,3433,3433,12299.0,12302.0,0.007791963062334698,0.0007197041667350383,426,426,-0.5373516929234693
3239,3239,3239,11717.0,11720.0,0.007778222259180359,0.00040378462623988,426,426,-0.7499793165176518
4181,4181,4181,14543.0,14546.0,0.007777195074506668,-0.0008603663226868141,426,426,0.35340411209306244
1492,1492,1492,6476.0,6479.0,0.007765621209853171,0.0009581573337627807,426,426,-0.44052387203261134
1392,1392,1392,6176.0,6179.0,0.007764178582065034,-0.00022131736315108075,426,426,-0.8177144745316911
3782,3782,3782,13346.0,13349.0,0.007750460423731482,-0.00010226136375453686,426,426,-0.7664508347982831
2904,2904,2904,10712.0,10715.0,0.007741598386556599,0.0003979597996218677,426,426,-0.31331231361166034
804,804,804,4412.0,4415.0,0.007713022319314142,0.0007073539060844632,426,426,-0.5607206207350176
2568,2568,2568,9704.0,9707.0,0.0077102765205586486,-0.0005108575772436127,426,426,0.4388555440647744
2562,2562,2562,9686.0,9689.0,0.007693930953139658,0.0006530931417718621,426,426,-0.7166827166806233
2116,2116,2116,8348.0,8351.0,0.007686013725579904,0.0005828937028244912,426,426,-0.12031862875026182
3522,3522,3522,12566.0,12569.0,0.007683926668204484,4.90972815115366e-05,426,426,-0.7390245218079282
2513,2513,2513,9539.0,9542.0,0.007631166430480416,0.00033075881394464395,426,426,0.47420191250499805
292,292,292,2876.0,2879.0,0.0076211374917744285,0.0004954720194466023,426,426,-0.5116906770625612
3618,3618,3618,12854.0,12857.0,0.007612047675863763,-0.0019142925520841173,426,426,0.4520687996431244
2477,2477,2477,9431.0,9434.0,0.007603085247513841,0.00010250242508393278,426,426,-0.6973553148831465
1998,1998,1998,7994.0,7997.0,0.007580976305349938,-0.0011675042915077097,426,426,0.3106712017524627
1881,1881,1881,7643.0,7646.0,0.007574124149237758,-0.0009792117894891169,426,426,0.5232148347448178
2313,2313,2313,8939.0,8942.0,0.007573129916550679,-0.0009822987426215968,426,426,-0.2917089826117032
473,473,473,3419.0,3422.0,0.007547094139907679,8.348388251016765e-05,426,426,-0.43548100560935527
1395,1395,1395,6185.0,6188.0,0.0075453528463092214,0.00123711805249905,426,426,-0.5216198857507532
887,887,887,4661.0,4664.0,0.007495127750149862,-0.0007154853563506399,426,426,0.7349584100553175
483,483,483,3449.0,3452.0,0.007486123781123542,0.0015479928056073686,426,426,0.4196847204610393
2857,2857,2857,10571.0,10574.0,0.007475059067598054,-7.122357790237043e-05,426,426,-0.7596312904539396
2314,2314,2314,8942.0,8945.0,0.007457414767123654,-0.0006219260922327505,426,426,-0.7923459316926442
2606,2606,2606,9818.0,9821.0,0.007455505279376532,9.665579868890738e-05,426,426,-0.7026944234656894
2603,2603,2603,9809.0,9812.0,0.007453283103608643,0.001341929785531734,426,426,-0.7953281889989892
1558,1558,1558,6674.0,6677.0,0.007449515227955631,0.00031067758575364403,426,426,-0.7522086142426991
911,911,911,4733.0,4736.0,0.007448054862537404,0.00047464542926108457,426,426,0.776052061749115
3713,3713,3713,13139.0,13142.0,0.0074456528437201325,-0.0008293488709580775,426,426,0.23665240542675395
1007,1007,1007,5021.0,5024.0,0.007399256358111556,-0.00012318461698820822,426,426,-0.6612015371230225
758,758,758,4274.0,4277.0,0.007390024936336307,-0.0015462221100334217,426,426,0.13984986097879465
4239,4239,4239,14717.0,14720.0,0.007378254291689415,-0.00047321850901095016,426,426,0.5280362203507712
1693,1693,1693,7079.0,7082.0,0.007372173076870175,0.0010501877474421632,426,426,0.8178696126362208
4315,4315,4315,14945.0,14948.0,0.007362692613648645,0.0009072244733014592,426,426,-0.48117297086559574
708,708,708,4124.0,4127.0,0.007342431864019886,0.0009757054448067784,426,426,-0.7039103650793677
1327,1327,1327,5981.0,5984.0,0.007339503193057654,-3.509612452857087e-05,426,426,0.14492600312515297
2612,2612,2612,9836.0,9839.0,0.00733460871794865,9.45781197405439e-05,426,426,-0.8332523200922022
351,351,351,3053.0,3056.0,0.007280690098441333,-3.609277878714003e-05,426,426,0.7499980791208194
3312,3312,3312,11936.0,11939.0,0.007278501975449739,0.0003650789633920417,426,426,-0.7119211157424089
3208,3208,3208,11624.0,11627.0,0.0072520660704544085,-0.0005434754888353148,426,426,-0.448850497346684
1341,1341,1341,6023.0,6026.0,0.007240604163429713,-0.0010778675169778225,426,426,-0.7210402799470154
1994,1994,1994,7982.0,7985.0,0.007238727858271477,-0.00012603611908285891,426,426,-0.5286723573796231
2809,2809,2809,10427.0,10430.0,0.007238623220867824,-0.00013208601149774208,426,426,-0.25694202906255786
3912,3912,3912,13736.0,13739.0,0.007233069462344289,0.0003404887869521784,426,426,-0.5261320504686997
4134,4134,4134,14402.0,14405.0,0.007223566122142292,-0.0010937950395984168,426,426,0.6297760675193219
1618,1618,1618,6854.0,6857.0,0.007208424769307298,-0.0009508130934171582,426,426,-0.4485654659178398
362,362,362,3086.0,3089.0,0.007189420779912352,0.0002735085211452391,426,426,0.5749290378811406
848,848,848,4544.0,4547.0,0.007164822335371507,-0.0007449536064195753,426,426,0.4786277887873846
4303,4303,4303,14909.0,14912.0,0.0071617495024069245,0.0003168448183442143,426,426,0.6655982742325348
5977,5977,5977,19931.0,19934.0,0.007161490631790131,0.000693865743030574,426,426,-0.7793654398041303
5883,5883,5883,19649.0,19652.0,0.007145495612659996,0.000129067339983097,426,426,0.612848078161067
5528,5528,5528,18584.0,18587.0,0.0071368910735897925,0.0008106954666765976,426,426,-0.3351942015943333
2582,2582,2582,9746.0,9749.0,0.007088925164452777,0.0018118766069711739,426,426,0.5227134455721795
2818,2818,2818,10454.0,10457.0,0.00708620476457938,0.0004210272448501425,426,426,-0.6135628250712394
4749,4749,4749,16247.0,16250.0,0.007059642486831772,-0.0006196738696604246,426,426,0.4803440051426246
2027,2027,2027,8081.0,8084.0,0.007057478238492455,0.000741058332441382,426,426,0.09609494963998068
1992,1992,1992,7976.0,7979.0,0.007028305018881302,-9.362190771344152e-05,426,426,-0.5568777758159371
1466,1466,1466,6398.0,6401.0,0.007027175844091741,0.00023042358720253497,426,426,0.5121314937005231
875,875,875,4625.0,4628.0,0.007024667064667737,0.000940024659683352,426,426,-0.07527122231945191
726,726,726,4178.0,4181.0,0.006975494838921325,0.00013101985337470864,426,426,-0.331565205881215
2918,2918,2918,10754.0,10757.0,0.00695412044806921,-0.0010652725642975806,426,426,-0.7580952639656647
1537,1537,1537,6611.0,6614.0,0.006940082273482247,0.0008338864379519392,426,426,-0.591298068061212
2339,2339,2339,9017.0,9020.0,0.00689482968750164,-0.0002749463175548333,426,426,-0.5446706291624632
2827,2827,2827,10481.0,10484.0,0.006889268206128877,-0.00040095680747885874,426,426,0.5167581968865539
1874,1874,1874,7622.0,7625.0,0.0068749078127221174,-0.0005314726441223703,426,426,0.5446170908710137
3797,3797,3797,13391.0,13394.0,0.0068696709059353385,-0.0008945575963378012,426,426,0.53009609291987
1910,1910,1910,7730.0,7733.0,0.006846975605246642,-0.00039630852602755046,426,426,-0.5212233899013646
42,42,42,2126.0,2129.0,0.006838675879813136,0.001155447919908183,426,426,0.64525041577516
3979,3979,3979,13937.0,13940.0,0.00682708612656741,-0.0005864420764839765,426,426,0.29726640507481733
2438,2438,2438,9314.0,9317.0,0.006823594448296495,-0.00039835388292783496,426,426,0.7282915770165246
2660,2660,2660,9980.0,9983.0,0.006792821876466007,0.00033677027109602753,426,426,-0.3937892807711422
2961,2961,2961,10883.0,10886.0,0.006780860558241662,0.00017999381373707144,426,426,-0.6787676554582676
4837,4837,4837,16511.0,16514.0,0.006745667279654912,0.0005644156673075655,426,426,-0.5595255278030559
1516,1516,1516,6548.0,6551.0,0.006745122106637205,0.0009653229558285303,426,426,-0.4938287567954212
2095,2095,2095,8285.0,8288.0,0.006708367957409743,0.000641646841996672,426,426,-0.7123035622797063
4296,4296,4296,14888.0,14891.0,0.006703557263330416,-0.0003878433066562499,426,426,0.7792796229636635
4689,4689,4689,16067.0,16070.0,0.006695871307338103,-0.00011057554914614051,426,426,-0.32005565566704514
2587,2587,2587,9761.0,9764.0,0.006681402776838106,0.000776710812195636,426,426,0.8241209286706604
1625,1625,1625,6875.0,6878.0,0.006680089472007596,0.000253806335746444,426,426,-0.4159084205415845
1106,1106,1106,5318.0,5321.0,0.006679346274535069,-0.000728516737636329,426,426,-0.4397642169312888
28,28,28,2084.0,2087.0,0.006658685872434271,0.0013409511799868821,426,426,0.6167190098896528
537,537,537,3611.0,3614.0,0.006652108182895645,0.00010725579000529113,426,426,-0.4279045314472967
2049,2049,2049,8147.0,8150.0,0.0066244365885951674,-0.000347975460187918,426,426,0.3026302544494008
2378,2378,2378,9134.0,9137.0,0.006618780107685693,8.350287847394796e-05,426,426,-0.5713801181354939
3137,3137,3137,11411.0,11414.0,0.006615312097154322,-0.00022316889971265953,426,426,0.5474223292029264
1826,1826,1826,7478.0,7481.0,0.006598921093787585,0.00040413410184994396,426,426,-0.6473341553242281
3262,3262,3262,11786.0,11789.0,0.006591966489404042,-0.0011934225924622986,426,426,0.6495720512359314
182,182,182,2546.0,2549.0,0.006590962624401868,0.0003048773830640393,426,426,0.30898233598862956
5388,5388,5388,18164.0,18167.0,0.006586335163670693,0.00032441827360498376,426,426,0.5184243941941843
203,203,203,2609.0,2612.0,0.006586191590798619,-0.00016119400892792798,426,426,0.7367569081479359
782,782,782,4346.0,4349.0,0.0065764326317780415,-0.00041200960908274086,426,426,-0.31446934257424974
4037,4037,4037,14111.0,14114.0,0.006567251065311043,-0.00010678424495804861,426,426,-0.16718043747439262
3290,3290,3290,11870.0,11873.0,0.00656526458231792,-0.0008847751018182504,426,426,-0.5334149844307398
45,45,45,2135.0,2138.0,0.006550730802233285,-0.0004097066397767688,426,426,0.7979993673904325
201,201,201,2603.0,2606.0,0.006535146660727325,4.674316777631019e-05,426,426,0.7642506600261183
2183,2183,2183,8549.0,8552.0,0.006528731973128051,-0.0002574124856368254,426,426,0.3060824102535068
273,273,273,2819.0,2822.0,0.006504648827300743,0.0010721134056239686,426,426,0.2512206800557282
3115,3115,3115,11345.0,11348.0,0.006493020349653495,-0.0014381766844784069,426,426,0.5646914347832183
3904,3904,3904,13712.0,13715.0,0.006490130253510388,0.00019931088524755724,426,426,-0.4091278065369059
5578,5578,5578,18734.0,18737.0,0.006487593369060422,8.200253981505059e-05,426,426,0.703839226399969
1741,1741,1741,7223.0,7226.0,0.00647418312953173,0.0003877403864224685,426,426,-0.7899163544429547
1904,1904,1904,7712.0,7715.0,0.006473519989341855,-0.0010100178680673639,426,426,-0.6370401955310465
2898,2898,2898,10694.0,10697.0,0.006468998784449395,-0.00037849917021992677,426,426,0.7003002470678253
3846,3846,3846,13538.0,13541.0,0.006468441990846041,-0.0004715287541107058,426,426,0.6259937704247547
1087,1087,1087,5261.0,5264.0,0.006463204487669199,-0.0009047622955147173,426,426,0.5539905108550172
5261,5261,5261,17783.0,17786.0,0.006462904124581607,0.00012837625316754704,426,426,0.39376783717775593
4785,4785,4785,16355.0,16358.0,0.00645202799434391,2.481625495791799e-05,426,426,0.41431450248165563
3999,3999,3999,13997.0,14000.0,0.0064474839453064064,-0.00019571698869878305,426,426,0.724510289812906
188,188,188,2564.0,2567.0,0.006426438003413744,-4.8381218825562044e-05,426,426,-0.6192836090797437
5417,5417,5417,18251.0,18254.0,0.006415176693262728,6.572251555152285e-05,426,426,0.7508835316296258
4178,4178,4178,14534.0,14537.0,0.006414217392334586,0.00048283982883050346,426,426,-0.6126508197327573
2343,2343,2343,9029.0,9032.0,0.006410161354245449,0.0004788091400199548,426,426,-0.7598022464585003
472,472,472,3416.0,3419.0,0.006403513970955083,0.0007005288877009795,426,426,-0.7692819747792271
1173,1173,1173,5519.0,5522.0,0.006401800689815535,0.0002119339029391633,426,426,0.5454003092809508
4869,4869,4869,16607.0,16610.0,0.006394122796636394,0.0001402876864194223,426,426,0.10152568570124967
676,676,676,4028.0,4031.0,0.006393029729191797,-0.0006321970217361544,426,426,0.4196607831005919
2064,2064,2064,8192.0,8195.0,0.006370826787094519,1.731673466605538e-05,426,426,-0.5981924526604394
2315,2315,2315,8945.0,8948.0,0.006357005933965995,-0.0006667775104285355,426,426,-0.7719801784533784
4483,4483,4483,15449.0,15452.0,0.0063467660174131545,0.0003305000464440596,426,426,0.643881699754684
2976,2976,2976,10928.0,10931.0,0.006345644363892236,-0.0005485312755357282,426,426,0.6158853994366279
5353,5353,5353,18059.0,18062.0,0.00634409884800131,-0.0003193548715933777,426,426,-0.5829647126072848
2815,2815,2815,10445.0,10448.0,0.006337367245214455,0.0016227154468343816,426,426,0.2889587278819631
291,291,291,2873.0,2876.0,0.006326253847951985,0.0006729514341992618,426,426,-0.7329849104268814
4331,4331,4331,14993.0,14996.0,0.006323333915003658,-0.0008461466283826152,426,426,0.8297295723990135
2373,2373,2373,9119.0,9122.0,0.006321388225217818,0.00036997097723852503,426,426,0.33167007160340595
1121,1121,1121,5363.0,5366.0,0.006318820105458607,-0.00029461371472144175,426,426,-0.7713987332129778
3551,3551,3551,12653.0,12656.0,0.006309497023726814,0.0006137519118906406,426,426,0.662281703553558
1983,1983,1983,7949.0,7952.0,0.006290290507501331,-5.2811879691312734e-05,426,426,-0.49917906668555206
1720,1720,1720,7160.0,7163.0,0.006274781839662066,-0.0011431296162133899,426,426,-0.2285003543731328
1138,1138,1138,5414.0,5417.0,0.006272491017520357,0.00042009742181485797,426,426,0.6220931896406519
3255,3255,3255,11765.0,11768.0,0.006257940235493611,0.0008064092499549347,426,426,0.7398795371992631
2110,2110,2110,8330.0,8333.0,0.006256289528992034,-0.0009058030478149157,426,426,0.4237001138055339
2436,2436,2436,9308.0,9311.0,0.006255437620559566,0.0001860167982207139,426,426,-0.5100285027425886
4206,4206,4206,14618.0,14621.0,0.006252338246651658,0.00029467075363527845,426,426,0.5116853423668799
822,822,822,4466.0,4469.0,0.006249550554844466,-0.00026812988975807736,426,426,0.659833743437821
1014,1014,1014,5042.0,5045.0,0.0062365797654705376,0.001800590822219334,426,426,-0.39299835937490163
1333,1333,1333,5999.0,6002.0,0.006226561472751098,-0.0002588006989760829,426,426,-0.2084821367937616
269,269,269,2807.0,2810.0,0.006220771670443736,-0.0006478046453133148,426,426,0.6184112822901262
1148,1148,1148,5444.0,5447.0,0.006217834981885984,0.0006205769538761778,426,426,0.4718443511806863
717,717,717,4151.0,4154.0,0.006213683619356914,0.0004347539904377733,426,426,-0.5934066113168888
368,368,368,3104.0,3107.0,0.006193307907745789,-0.0018302225215419076,426,426,0.4021148297693587
3786,3786,3786,13358.0,13361.0,0.0061840783337602095,-0.0009042218069453137,426,426,0.613970343778801
2147,2147,2147,8441.0,8444.0,0.0061651356327422,0.0001716424610062173,426,426,0.6510104252920378
5991,5991,5991,19973.0,19976.0,0.006147856652864215,0.00012896026995365216,426,426,-0.5594286708980812
373,373,373,3119.0,3122.0,0.006143607922450605,-0.0001901708159344085,426,426,0.743435556526236
2684,2684,2684,10052.0,10055.0,0.006134890392618382,-0.0003574944221557272,426,426,0.7014132898223789
22,22,22,2066.0,2069.0,0.0061230076094876094,0.0014187428830610372,426,426,0.27221623063094025
2575,2575,2575,9725.0,9728.0,0.006093062059859385,0.0001021065105359691,426,426,0.3613798219371762
1376,1376,1376,6128.0,6131.0,0.006089653703227517,-0.00031275288188067235,426,426,0.1067509783871988
1045,1045,1045,5135.0,5138.0,0.006081851369130283,0.0008745038418015215,426,426,0.5815500912902681
3924,3924,3924,13772.0,13775.0,0.006070670426756213,0.00031489973915012256,426,426,0.7359323234393785
5584,5584,5584,18752.0,18755.0,0.006069025456604901,0.00023026624661136834,426,426,-0.7112116474680278
3055,3055,3055,11165.0,11168.0,0.0060468179573398674,0.0006401010658940483,426,426,-0.44331826242181843
3202,3202,3202,11606.0,11609.0,0.0060449192855830365,1.7453882754099992e-05,426,426,-0.6353519399693421
