side,cut,n_covered,coverage,achieved
susceptible,0.011502980760737531,0,0.0,
susceptible,0.02065220783771323,1,0.002347417840375587,1.0
susceptible,0.022575640123288023,2,0.004694835680751174,1.0
susceptible,0.023908439360904796,3,0.007042253521126761,1.0
susceptible,0.024293014916055813,4,0.009389671361502348,1.0
susceptible,0.024778310067670846,5,0.011737089201877934,1.0
susceptible,0.025825768384216585,6,0.014084507042253521,1.0
susceptible,0.028264463789028197,7,0.01643192488262911,1.0
susceptible,0.029335789056193686,8,0.018779342723004695,1.0
susceptible,0.029851406751251898,9,0.02112676056338028,1.0
susceptible,0.030024790365803022,10,0.023474178403755867,1.0
susceptible,0.030275770822735724,11,0.025821596244131457,1.0
susceptible,0.03160299409342028,12,0.028169014084507043,0.9166666666666666
susceptible,0.032549159247864404,13,0.03051643192488263,0.9230769230769231
susceptible,0.03256822772169379,14,0.03286384976525822,0.9285714285714286
susceptible,0.03304497702641214,15,0.035211267605633804,0.9333333333333333
susceptible,0.03330406428755173,16,0.03755868544600939,0.9375
susceptible,0.033875965399452326,17,0.03990610328638498,0.9411764705882353
susceptible,0.03443956618692866,18,0.04225352112676056,0.9444444444444444
susceptible,0.03454697696952203,19,0.04460093896713615,0.9473684210526315
susceptible,0.036133683458921484,20,0.046948356807511735,0.95
susceptible,0.03628744929181091,21,0.04929577464788732,0.9523809523809523
susceptible,0.036336636000070276,22,0.051643192488262914,0.9545454545454546
susceptible,0.037956132688160234,23,0.0539906103286385,0.9565217391304348
susceptible,0.03819666703660548,24,0.056338028169014086,0.9583333333333334
susceptible,0.03971581358138083,25,0.05868544600938967,0.96
susceptible,0.0414034426267561,26,0.06103286384976526,0.9615384615384616
susceptible,0.04151551209812038,27,0.06338028169014084,0.9629629629629629
susceptible,0.0421467306185424,28,0.06572769953051644,0.9642857142857143
susceptible,0.04346616467425661,29,0.06807511737089202,0.9655172413793104
susceptible,0.04469889861144197,30,0.07042253521126761,0.9666666666666667
susceptible,0.04489391837215428,31,0.07276995305164319,0.967741935483871
susceptible,0.044925751257827565,32,0.07511737089201878,0.96875
susceptible,0.04511804248265266,33,0.07746478873239436,0.9696969696969697
susceptible,0.04520429309642428,34,0.07981220657276995,0.9705882352941176
susceptible,0.04678451067245594,35,0.08215962441314555,0.9714285714285714
susceptible,0.047093774536044665,36,0.08450704225352113,0.9722222222222222
susceptible,0.048187004432943645,37,0.08685446009389672,0.972972972972973
susceptible,0.048423984807356914,38,0.0892018779342723,0.9736842105263158
susceptible,0.04989990773909876,39,0.09154929577464789,0.9743589743589743
susceptible,0.05013701505295749,40,0.09389671361502347,0.975
susceptible,0.05041725029367131,41,0.09624413145539906,0.975609756097561
susceptible,0.05091174179459161,42,0.09859154929577464,0.9761904761904762
susceptible,0.05127690074491727,43,0.10093896713615023,0.9767441860465116
susceptible,0.05127744410835115,44,0.10328638497652583,0.9772727272727273
susceptible,0.05149399903381888,45,0.1056338028169014,0.9777777777777777
susceptible,0.053266477587642025,46,0.107981220657277,0.9782608695652174
susceptible,0.0540203855936567,47,0.11032863849765258,0.9787234042553191
susceptible,0.05529045425162089,48,0.11267605633802817,0.9791666666666666
susceptible,0.05531513370082208,49,0.11502347417840375,0.9591836734693877
susceptible,0.05656541997478314,50,0.11737089201877934,0.96
susceptible,0.05725029683586416,51,0.11971830985915492,0.9607843137254902
susceptible,0.05734587408465981,52,0.12206572769953052,0.9615384615384616
susceptible,0.05854051304416385,53,0.12441314553990611,0.9622641509433962
susceptible,0.06149576551856523,54,0.1267605633802817,0.9629629629629629
susceptible,0.06154374778366915,55,0.12910798122065728,0.9636363636363636
susceptible,0.06227201073273323,56,0.13145539906103287,0.9642857142857143
susceptible,0.06276783735933514,57,0.13380281690140844,0.9649122807017544
susceptible,0.06326504453444448,58,0.13615023474178403,0.9655172413793104
susceptible,0.06427808816626619,59,0.13849765258215962,0.9661016949152542
susceptible,0.0645607748824419,60,0.14084507042253522,0.9666666666666667
susceptible,0.06531258728378657,61,0.1431924882629108,0.9672131147540983
susceptible,0.06591355252399995,62,0.14553990610328638,0.967741935483871
susceptible,0.06617422307449408,63,0.14788732394366197,0.9682539682539683
susceptible,0.06725818048192339,64,0.15023474178403756,0.96875
susceptible,0.06835998884990421,65,0.15258215962441316,0.9692307692307692
susceptible,0.06905102948174309,66,0.15492957746478872,0.9696969696969697
susceptible,0.07047518613874046,67,0.1572769953051643,0.9701492537313433
susceptible,0.0726122383806614,68,0.1596244131455399,0.9558823529411765
susceptible,0.07268420591119125,69,0.1619718309859155,0.9565217391304348
susceptible,0.074134422453929,70,0.1643192488262911,0.9571428571428572
susceptible,0.0744014464209108,71,0.16666666666666666,0.9577464788732394
susceptible,0.07571734636590442,72,0.16901408450704225,0.9583333333333334
susceptible,0.0757191607080179,73,0.17136150234741784,0.958904109589041
susceptible,0.07584713720715265,74,0.17370892018779344,0.9594594594594594
susceptible,0.07674726908003507,75,0.176056338028169,0.9466666666666667
susceptible,0.0769416807895174,76,0.1784037558685446,0.9473684210526315
susceptible,0.07702186587709432,77,0.1807511737089202,0.948051948051948
susceptible,0.07789984750614826,78,0.18309859154929578,0.9487179487179487
susceptible,0.07861816962750037,79,0.18544600938967137,0.9493670886075949
susceptible,0.08057448844587008,80,0.18779342723004694,0.95
susceptible,0.0819143878737705,81,0.19014084507042253,0.9506172839506173
susceptible,0.08205061135748483,82,0.19248826291079812,0.9512195121951219
susceptible,0.08242064950337315,83,0.19483568075117372,0.9518072289156626
susceptible,0.08273840070610161,84,0.19718309859154928,0.9523809523809523
susceptible,0.08361396039097309,85,0.19953051643192488,0.9529411764705882
susceptible,0.08460238870558996,86,0.20187793427230047,0.9534883720930233
susceptible,0.08470078632578731,87,0.20422535211267606,0.9540229885057471
susceptible,0.08520998440086414,88,0.20657276995305165,0.9545454545454546
susceptible,0.08540173638066095,89,0.20892018779342722,0.9550561797752809
susceptible,0.08544926983739015,90,0.2112676056338028,0.9555555555555556
susceptible,0.08601699853533909,91,0.2136150234741784,0.9560439560439561
susceptible,0.08853505361365491,92,0.215962441314554,0.9565217391304348
susceptible,0.0894329980720728,93,0.21830985915492956,0.956989247311828
susceptible,0.08996890823994459,94,0.22065727699530516,0.9574468085106383
susceptible,0.09027137361181457,95,0.22300469483568075,0.9578947368421052
susceptible,0.09037198085767868,96,0.22535211267605634,0.9583333333333334
susceptible,0.09058232930287365,97,0.22769953051643194,0.9587628865979382
susceptible,0.09134744252443161,98,0.2300469483568075,0.9591836734693877
susceptible,0.0928978081229695,99,0.2323943661971831,0.9595959595959596
susceptible,0.09316829277029205,100,0.2347417840375587,0.95
susceptible,0.09517378270657378,101,0.23708920187793428,0.9504950495049505
susceptible,0.09707767789261869,102,0.23943661971830985,0.9509803921568627
susceptible,0.09739361551026646,103,0.24178403755868544,0.9514563106796117
susceptible,0.09762199383573496,104,0.24413145539906103,0.9519230769230769
susceptible,0.09772373424051688,105,0.24647887323943662,0.9523809523809523
susceptible,0.09843013363281503,106,0.24882629107981222,0.9528301886792453
susceptible,0.09946274360651931,107,0.2511737089201878,0.9532710280373832
susceptible,0.10139988538786547,108,0.2535211267605634,0.9537037037037037
susceptible,0.10190001888455422,109,0.25586854460093894,0.9541284403669725
susceptible,0.10255963637363619,110,0.25821596244131456,0.9545454545454546
susceptible,0.10295630731070787,111,0.2605633802816901,0.9459459459459459
susceptible,0.10299153585393717,112,0.26291079812206575,0.9375
susceptible,0.10410477403128862,113,0.2652582159624413,0.9380530973451328
susceptible,0.10415898536263929,114,0.2676056338028169,0.9385964912280702
susceptible,0.10487438485310326,115,0.2699530516431925,0.9391304347826087
susceptible,0.10562670908751155,116,0.27230046948356806,0.9396551724137931
susceptible,0.10570946802053126,117,0.2746478873239437,0.9401709401709402
susceptible,0.10638332728481215,118,0.27699530516431925,0.940677966101695
susceptible,0.10802885480895358,119,0.2793427230046948,0.9411764705882353
susceptible,0.10832206946655096,120,0.28169014084507044,0.9416666666666667
susceptible,0.10879230153990392,121,0.284037558685446,0.9421487603305785
susceptible,0.10892754449047887,122,0.2863849765258216,0.9426229508196722
susceptible,0.10921744718414415,123,0.2887323943661972,0.943089430894309
susceptible,0.10974572563538862,124,0.29107981220657275,0.9435483870967742
susceptible,0.11028427360166812,125,0.2934272300469484,0.944
susceptible,0.1107353847737839,126,0.29577464788732394,0.9444444444444444
susceptible,0.11116655821680727,127,0.2981220657276995,0.9448818897637795
susceptible,0.11154679637597821,128,0.3004694835680751,0.9453125
susceptible,0.11190431398040594,129,0.3028169014084507,0.9457364341085271
susceptible,0.11223445700168125,130,0.3051643192488263,0.9461538461538461
susceptible,0.11379188090101046,131,0.3075117370892019,0.9465648854961832
susceptible,0.11505489627935231,132,0.30985915492957744,0.946969696969697
susceptible,0.11506092076431668,133,0.31220657276995306,0.9398496240601504
susceptible,0.11761678957951212,134,0.3145539906103286,0.9402985074626866
susceptible,0.12087661714674883,135,0.31690140845070425,0.9407407407407408
susceptible,0.12105334412170712,136,0.3192488262910798,0.9411764705882353
susceptible,0.12231060396286261,137,0.3215962441314554,0.9416058394160584
susceptible,0.12327051350356209,138,0.323943661971831,0.9420289855072463
susceptible,0.12374838111524739,139,0.32629107981220656,0.9424460431654677
susceptible,0.12684776447148793,140,0.3286384976525822,0.9357142857142857
susceptible,0.12690877603078368,141,0.33098591549295775,0.9361702127659575
susceptible,0.13005510617540833,142,0.3333333333333333,0.9366197183098591
susceptible,0.13018252867206845,143,0.33568075117370894,0.9370629370629371
susceptible,0.13064402977811396,144,0.3380281690140845,0.9375
susceptible,0.1311295137888201,145,0.3403755868544601,0.9379310344827586
susceptible,0.13208210862760014,146,0.3427230046948357,0.9383561643835616
susceptible,0.13331758698171695,147,0.34507042253521125,0.9387755102040817
susceptible,0.13507843686131757,148,0.3474178403755869,0.9391891891891891
susceptible,0.135092735071262,149,0.34976525821596244,0.9395973154362416
susceptible,0.13688502668409355,150,0.352112676056338,0.94
susceptible,0.13882696369257938,151,0.3544600938967136,0.9403973509933775
susceptible,0.14100452247645018,152,0.3568075117370892,0.9407894736842105
susceptible,0.14112016284475817,153,0.3591549295774648,0.9411764705882353
susceptible,0.14113607687697866,154,0.3615023474178404,0.9415584415584416
susceptible,0.1420219611890808,155,0.36384976525821594,0.9419354838709677
susceptible,0.14261540693905073,156,0.36619718309859156,0.9423076923076923
resistant,0.14261540693905073,269,0.6314553990610329,0.32342007434944237
resistant,0.14381888808044854,268,0.6291079812206573,0.3246268656716418
resistant,0.14701974488574426,267,0.6267605633802817,0.3258426966292135
resistant,0.14847236070924014,266,0.6244131455399061,0.3233082706766917
resistant,0.1507069219617522,265,0.6220657276995305,0.32452830188679244
resistant,0.15249260752650948,264,0.6197183098591549,0.32575757575757575
resistant,0.15277230484811385,263,0.6173708920187794,0.3231939163498099
resistant,0.15281531326551778,262,0.6150234741784038,0.3244274809160305
resistant,0.15290011957421656,261,0.6126760563380281,0.32567049808429116
resistant,0.15378872668370244,260,0.6103286384976526,0.3269230769230769
resistant,0.1542342021645609,259,0.607981220657277,0.3281853281853282
resistant,0.15447274264406965,258,0.6056338028169014,0.32945736434108525
resistant,0.1563141159511769,257,0.6032863849765259,0.33073929961089493
resistant,0.1569120082563759,256,0.6009389671361502,0.33203125
resistant,0.15704642763725174,255,0.5985915492957746,0.3333333333333333
resistant,0.1571956238354303,254,0.596244131455399,0.33070866141732286
resistant,0.158608735142729,253,0.5938967136150235,0.33201581027667987
resistant,0.1599733940324736,252,0.5915492957746479,0.3333333333333333
resistant,0.16101762979327744,251,0.5892018779342723,0.33067729083665337
resistant,0.16216148060238306,250,0.5868544600938967,0.332
resistant,0.16217712958870725,249,0.5845070422535211,0.3333333333333333
resistant,0.1634804627236114,248,0.5821596244131455,0.3346774193548387
resistant,0.1647438488659096,247,0.57981220657277,0.3360323886639676
resistant,0.1651628336304573,246,0.5774647887323944,0.33739837398373984
resistant,0.16578593485968648,245,0.5751173708920188,0.33877551020408164
resistant,0.1689953172974097,244,0.5727699530516432,0.3401639344262295
resistant,0.16946801049584093,243,0.5704225352112676,0.3374485596707819
resistant,0.1698451535149236,242,0.568075117370892,0.33884297520661155
resistant,0.17070496554200063,241,0.5657276995305164,0.34024896265560167
resistant,0.17169058639066173,240,0.5633802816901409,0.3416666666666667
resistant,0.17273505467537062,239,0.5610328638497653,0.34309623430962344
resistant,0.17282320508144183,238,0.5586854460093896,0.3403361344537815
resistant,0.1737790749995155,237,0.5563380281690141,0.34177215189873417
resistant,0.17443319252528214,236,0.5539906103286385,0.3432203389830508
resistant,0.17448859528724867,235,0.5516431924882629,0.3404255319148936
resistant,0.17473924295866128,234,0.5492957746478874,0.3418803418803419
resistant,0.17542761180420524,233,0.5469483568075117,0.34334763948497854
resistant,0.17625543909768887,232,0.5446009389671361,0.3448275862068966
resistant,0.17630947140699804,231,0.5422535211267606,0.3463203463203463
resistant,0.1765501538693799,230,0.539906103286385,0.34782608695652173
resistant,0.17664818968997517,229,0.5375586854460094,0.34934497816593885
resistant,0.17688171584813808,228,0.5352112676056338,0.3508771929824561
resistant,0.17709557362776152,227,0.5328638497652582,0.3524229074889868
resistant,0.17883803516284627,226,0.5305164319248826,0.3495575221238938
resistant,0.17923921454415734,225,0.528169014084507,0.3511111111111111
resistant,0.1821561287898767,224,0.5258215962441315,0.35267857142857145
resistant,0.18325405327929375,223,0.5234741784037559,0.3542600896860987
resistant,0.18495649546990234,222,0.5211267605633803,0.35585585585585583
resistant,0.18508619454184655,221,0.5187793427230047,0.3574660633484163
resistant,0.1853311793900925,220,0.5164319248826291,0.35909090909090907
resistant,0.18631717907492537,219,0.5140845070422535,0.3607305936073059
resistant,0.18723680416221825,218,0.5117370892018779,0.3623853211009174
resistant,0.18892813385018012,217,0.5093896713615024,0.3640552995391705
resistant,0.19056827168513935,216,0.5070422535211268,0.36574074074074076
resistant,0.19118041737348304,215,0.5046948356807511,0.3674418604651163
resistant,0.1917434513146889,214,0.5023474178403756,0.3691588785046729
resistant,0.1922512655024312,213,0.5,0.37089201877934275
resistant,0.19361732954956942,212,0.49765258215962443,0.37264150943396224
resistant,0.19629128166100748,211,0.4953051643192488,0.3744075829383886
resistant,0.20240530092677814,210,0.49295774647887325,0.3761904761904762
resistant,0.2031582681924676,209,0.49061032863849763,0.37320574162679426
resistant,0.20352272277149996,208,0.48826291079812206,0.375
resistant,0.20386950555190253,207,0.4859154929577465,0.37681159420289856
resistant,0.20571761658757487,206,0.4835680751173709,0.3786407766990291
resistant,0.2058226661158758,205,0.4812206572769953,0.375609756097561
resistant,0.2066420243278957,204,0.4788732394366197,0.37254901960784315
resistant,0.20666912981379923,203,0.4765258215962441,0.37438423645320196
resistant,0.20996902377779914,202,0.47417840375586856,0.37623762376237624
resistant,0.21002492008632703,201,0.47183098591549294,0.3781094527363184
resistant,0.21042545983154554,200,0.4694835680751174,0.38
resistant,0.21078051325460298,199,0.4671361502347418,0.38190954773869346
resistant,0.21169439668151935,198,0.4647887323943662,0.3838383838383838
resistant,0.21249133380980254,197,0.4624413145539906,0.38578680203045684
resistant,0.21355544609531338,196,0.460093896713615,0.3826530612244898
resistant,0.21394622420489037,195,0.45774647887323944,0.38461538461538464
resistant,0.21635105407210636,194,0.45539906103286387,0.3865979381443299
resistant,0.21688239097422837,193,0.45305164319248825,0.38860103626943004
resistant,0.21870223961569696,192,0.4507042253521127,0.390625
resistant,0.21981300806813947,191,0.44835680751173707,0.387434554973822
resistant,0.220432414674525,190,0.4460093896713615,0.3894736842105263
resistant,0.22251267351696677,189,0.44366197183098594,0.3915343915343915
resistant,0.22342199152183417,188,0.4413145539906103,0.3882978723404255
resistant,0.2248237535336675,187,0.43896713615023475,0.39037433155080214
resistant,0.22538994927600986,186,0.43661971830985913,0.3924731182795699
resistant,0.22548847446444129,185,0.43427230046948356,0.3945945945945946
resistant,0.2256791305105635,184,0.431924882629108,0.3967391304347826
resistant,0.22582680752960635,183,0.4295774647887324,0.39344262295081966
resistant,0.22658477706641475,182,0.4272300469483568,0.3901098901098901
resistant,0.22957694988222851,181,0.42488262910798125,0.39226519337016574
resistant,0.23109993207048596,180,0.4225352112676056,0.3888888888888889
resistant,0.23138542825493838,179,0.42018779342723006,0.39106145251396646
resistant,0.23294932370407848,178,0.41784037558685444,0.39325842696629215
resistant,0.2334584682463053,177,0.4154929577464789,0.3898305084745763
resistant,0.23458320870747543,176,0.4131455399061033,0.39204545454545453
resistant,0.2357788289592481,175,0.4107981220657277,0.3942857142857143
resistant,0.23627938070813354,174,0.4084507042253521,0.39080459770114945
resistant,0.23629235182691538,173,0.4061032863849765,0.3930635838150289
resistant,0.23759550743518923,172,0.40375586854460094,0.3953488372093023
resistant,0.23949328767697967,171,0.4014084507042254,0.39766081871345027
resistant,0.24236427538618716,170,0.39906103286384975,0.3941176470588235
resistant,0.24260806104469002,169,0.3967136150234742,0.3905325443786982
resistant,0.243149226079476,168,0.39436619718309857,0.39285714285714285
resistant,0.24333579685920287,167,0.392018779342723,0.39520958083832336
resistant,0.24446600712289707,166,0.38967136150234744,0.39759036144578314
resistant,0.24510998400992162,165,0.3873239436619718,0.4
resistant,0.24621634575154422,164,0.38497652582159625,0.4024390243902439
resistant,0.2472938752013909,163,0.3826291079812207,0.4049079754601227
resistant,0.24787542774849008,162,0.38028169014084506,0.4074074074074074
resistant,0.24956594824135492,161,0.3779342723004695,0.40993788819875776
resistant,0.2513725186562422,160,0.3755868544600939,0.40625
resistant,0.2516734749282549,159,0.3732394366197183,0.4088050314465409
resistant,0.2525397814492363,158,0.37089201877934275,0.41139240506329117
resistant,0.252958814391988,157,0.3685446009389671,0.4140127388535032
resistant,0.2532865191737095,156,0.36619718309859156,0.4166666666666667
resistant,0.25436958380066516,155,0.36384976525821594,0.4129032258064516
resistant,0.2562283793687818,154,0.3615023474178404,0.4155844155844156
resistant,0.25708521469362655,153,0.3591549295774648,0.41830065359477125
resistant,0.25736615682005437,152,0.3568075117370892,0.42105263157894735
resistant,0.25746520325911104,151,0.3544600938967136,0.41721854304635764
resistant,0.2609539055787103,150,0.352112676056338,0.42
resistant,0.261057817863767,149,0.34976525821596244,0.4228187919463087
resistant,0.2621703856297145,148,0.3474178403755869,0.42567567567567566
resistant,0.26230086033076117,147,0.34507042253521125,0.42857142857142855
resistant,0.26410372317590963,146,0.3427230046948357,0.4246575342465753
resistant,0.2643468924148329,145,0.3403755868544601,0.42758620689655175
resistant,0.2643647445762761,144,0.3380281690140845,0.4305555555555556
resistant,0.2650223923429494,143,0.33568075117370894,0.42657342657342656
resistant,0.26536596812885926,142,0.3333333333333333,0.4295774647887324
resistant,0.2659132930126984,141,0.33098591549295775,0.4326241134751773
resistant,0.26877365464883035,140,0.3286384976525822,0.4357142857142857
resistant,0.2695614843153668,139,0.32629107981220656,0.43884892086330934
resistant,0.2731877119092096,138,0.323943661971831,0.4420289855072464
resistant,0.2734390619679224,137,0.3215962441314554,0.43795620437956206
resistant,0.2738940275836197,136,0.3192488262910798,0.4338235294117647
resistant,0.27524447435790494,135,0.31690140845070425,0.42962962962962964
resistant,0.27597137906474367,134,0.3145539906103286,0.43283582089552236
resistant,0.2761680714209265,133,0.31220657276995306,0.43609022556390975
resistant,0.2765909972615822,132,0.30985915492957744,0.4393939393939394
resistant,0.2769793966923498,131,0.3075117370892019,0.44274809160305345
resistant,0.27706559904804684,130,0.3051643192488263,0.4461538461538462
resistant,0.27950940755387765,129,0.3028169014084507,0.4496124031007752
resistant,0.28153929264149014,128,0.3004694835680751,0.4453125
resistant,0.2818360307673202,127,0.2981220657276995,0.44881889763779526
resistant,0.2845823335623414,126,0.29577464788732394,0.4444444444444444
resistant,0.28503846950609263,125,0.2934272300469484,0.44
resistant,0.28608184905356865,124,0.29107981220657275,0.4435483870967742
resistant,0.2879000636571491,123,0.2887323943661972,0.44715447154471544
resistant,0.2898223972160188,122,0.2863849765258216,0.45081967213114754
resistant,0.2910196493637542,121,0.284037558685446,0.45454545454545453
resistant,0.29308888621921725,120,0.28169014084507044,0.4583333333333333
resistant,0.2930973250155827,119,0.2793427230046948,0.46218487394957986
resistant,0.2987681139777053,118,0.27699530516431925,0.4661016949152542
resistant,0.3005017463880185,117,0.2746478873239437,0.46153846153846156
resistant,0.3005241765784158,116,0.27230046948356806,0.45689655172413796
resistant,0.30159407937235466,115,0.2699530516431925,0.4608695652173913
resistant,0.3026984738817276,114,0.2676056338028169,0.4649122807017544
resistant,0.30300728848648767,113,0.2652582159624413,0.4690265486725664
resistant,0.3031302273801833,112,0.26291079812206575,0.4642857142857143
resistant,0.30330106094845893,111,0.2605633802816901,0.46846846846846846
resistant,0.3086383630049598,110,0.25821596244131456,0.4727272727272727
resistant,0.3132815874093343,109,0.25586854460093894,0.47706422018348627
resistant,0.3142616044224969,108,0.2535211267605634,0.48148148148148145
resistant,0.3150697053438545,107,0.2511737089201878,0.48598130841121495
resistant,0.3166658721660948,106,0.24882629107981222,0.49056603773584906
resistant,0.3170561642233421,105,0.24647887323943662,0.49523809523809526
resistant,0.31736566096368013,104,0.24413145539906103,0.5
resistant,0.3183377676405896,103,0.24178403755868544,0.5048543689320388
resistant,0.3190341784479218,102,0.23943661971830985,0.5
resistant,0.32721471661251056,101,0.23708920187793428,0.49504950495049505
resistant,0.33177132067164833,100,0.2347417840375587,0.49
resistant,0.33274029943212163,99,0.2323943661971831,0.48484848484848486
resistant,0.3382975345732634,98,0.2300469483568075,0.47959183673469385
resistant,0.3398499428787279,97,0.22769953051643194,0.4742268041237113
resistant,0.34442775793895897,96,0.22535211267605634,0.46875
resistant,0.3447629393218369,95,0.22300469483568075,0.4631578947368421
resistant,0.34555876393036694,94,0.22065727699530516,0.46808510638297873
resistant,0.3538507311235346,93,0.21830985915492956,0.4731182795698925
resistant,0.35764779901358373,92,0.215962441314554,0.4782608695652174
resistant,0.35827799029858964,91,0.2136150234741784,0.4835164835164835
resistant,0.3593000678588863,90,0.2112676056338028,0.4777777777777778
resistant,0.3605703055251392,89,0.20892018779342722,0.48314606741573035
resistant,0.3616605632412691,88,0.20657276995305165,0.48863636363636365
resistant,0.3618534903502115,87,0.20422535211267606,0.4942528735632184
resistant,0.3618864695019476,86,0.20187793427230047,0.4883720930232558
resistant,0.3620793385262561,85,0.19953051643192488,0.49411764705882355
resistant,0.3639290337340289,84,0.19718309859154928,0.4880952380952381
resistant,0.36607349617395546,83,0.19483568075117372,0.4939759036144578
resistant,0.3674061849285183,82,0.19248826291079812,0.5
resistant,0.3752394521545091,81,0.19014084507042253,0.5061728395061729
resistant,0.37556256754862666,80,0.18779342723004694,0.5125
resistant,0.37825978666554455,79,0.18544600938967137,0.5189873417721519
resistant,0.38080546417600525,78,0.18309859154929578,0.5256410256410257
resistant,0.38084103886573134,77,0.1807511737089202,0.5324675324675324
resistant,0.3821039959537139,76,0.1784037558685446,0.5394736842105263
resistant,0.38278129149404744,75,0.176056338028169,0.5466666666666666
resistant,0.3935298962402122,74,0.17370892018779344,0.5540540540540541
resistant,0.39385468096586995,73,0.17136150234741784,0.547945205479452
resistant,0.39396994871816454,72,0.16901408450704225,0.5555555555555556
resistant,0.396941040422306,71,0.16666666666666666,0.5633802816901409
resistant,0.397936189141013,70,0.1643192488262911,0.5714285714285714
resistant,0.4002396770528011,69,0.1619718309859155,0.5797101449275363
resistant,0.40028000737554276,68,0.1596244131455399,0.5882352941176471
resistant,0.4007485843369957,67,0.1572769953051643,0.582089552238806
resistant,0.402224791214904,66,0.15492957746478872,0.5909090909090909
resistant,0.40234440342746075,65,0.15258215962441316,0.5846153846153846
resistant,0.40867826436518456,64,0.15023474178403756,0.578125
resistant,0.4117823003092425,63,0.14788732394366197,0.5873015873015873
resistant,0.4184331934219435,62,0.14553990610328638,0.5967741935483871
resistant,0.42595082843502446,61,0.1431924882629108,0.6065573770491803
resistant,0.43537182876246655,60,0.14084507042253522,0.6
resistant,0.4393430540598633,59,0.13849765258215962,0.5932203389830508
resistant,0.4411394453742734,58,0.13615023474178403,0.603448275862069
resistant,0.4424741481790886,57,0.13380281690140844,0.6140350877192983
resistant,0.4442276032947807,56,0.13145539906103287,0.625
resistant,0.4457196075116024,55,0.12910798122065728,0.6181818181818182
resistant,0.45768770380400153,54,0.1267605633802817,0.6296296296296297
resistant,0.4610478301240117,53,0.12441314553990611,0.6415094339622641
resistant,0.4704820235142956,52,0.12206572769953052,0.6346153846153846
resistant,0.47309680130917614,51,0.11971830985915492,0.6274509803921569
resistant,0.4739290761162957,50,0.11737089201877934,0.64
resistant,0.47488361872318235,49,0.11502347417840375,0.6530612244897959
resistant,0.4808241900309445,48,0.11267605633802817,0.6666666666666666
resistant,0.49048322162314273,47,0.11032863849765258,0.6808510638297872
resistant,0.49082157644723257,46,0.107981220657277,0.6956521739130435
resistant,0.49377184489889353,45,0.1056338028169014,0.7111111111111111
resistant,0.4971347067497299,44,0.10328638497652583,0.7272727272727273
resistant,0.5073782582463948,43,0.10093896713615023,0.7209302325581395
resistant,0.5098710326557605,42,0.09859154929577464,0.7380952380952381
resistant,0.5119345942513512,41,0.09624413145539906,0.7317073170731707
resistant,0.5130905673525226,40,0.09389671361502347,0.75
resistant,0.5175097003848426,39,0.09154929577464789,0.7692307692307693
resistant,0.5257337814402475,38,0.0892018779342723,0.7894736842105263
resistant,0.5267960637675272,37,0.08685446009389672,0.8108108108108109
resistant,0.5278336491803564,36,0.08450704225352113,0.8055555555555556
resistant,0.5331053350201382,35,0.08215962441314555,0.8
resistant,0.5531253923831203,34,0.07981220657276995,0.7941176470588235
resistant,0.5619933657575311,33,0.07746478873239436,0.8181818181818182
resistant,0.5623293095651302,32,0.07511737089201878,0.8125
resistant,0.5788200495721144,31,0.07276995305164319,0.8064516129032258
resistant,0.5798885074573453,30,0.07042253521126761,0.8
resistant,0.5960287691988656,29,0.06807511737089202,0.7931034482758621
resistant,0.6118791444278113,28,0.06572769953051644,0.8214285714285714
resistant,0.6180716806602398,27,0.06338028169014084,0.8148148148148148
resistant,0.6610361769313625,26,0.06103286384976526,0.8076923076923077
resistant,0.6703732126141841,25,0.05868544600938967,0.84
resistant,0.6921715554246808,24,0.056338028169014086,0.8333333333333334
resistant,0.7040469032743634,23,0.0539906103286385,0.8260869565217391
resistant,0.7258387300532414,22,0.051643192488262914,0.8181818181818182
resistant,0.7426105357467561,21,0.04929577464788732,0.8095238095238095
resistant,0.752245109998218,20,0.046948356807511735,0.8
resistant,0.7557827655556842,19,0.04460093896713615,0.8421052631578947
resistant,0.7779535198137654,18,0.04225352112676056,0.8333333333333334
resistant,0.7781000361002689,17,0.03990610328638498,0.8823529411764706
resistant,0.7790582192123232,16,0.03755868544600939,0.875
resistant,0.7918003745037151,15,0.035211267605633804,0.9333333333333333
resistant,0.8261851502992096,14,0.03286384976525822,0.9285714285714286
resistant,0.8289597655229127,13,0.03051643192488263,0.9230769230769231
resistant,0.8394838626436849,12,0.028169014084507043,1.0
resistant,0.841631524585616,11,0.025821596244131457,1.0
resistant,0.8478624237664649,10,0.023474178403755867,1.0
resistant,0.8504562782830708,9,0.02112676056338028,1.0
resistant,0.8521266247822314,8,0.018779342723004695,1.0
resistant,0.8675075717383932,7,0.01643192488262911,1.0
resistant,0.8947111946703378,6,0.014084507042253521,1.0
resistant,0.9195289630276116,5,0.011737089201877934,1.0
resistant,0.9503558913753052,4,0.009389671361502348,1.0
resistant,0.9730907763325081,3,0.007042253521126761,1.0
resistant,0.9769493599956981,2,0.004694835680751174,1.0
resistant,0.9797160347378714,1,0.002347417840375587,1.0
resistant,0.9857832631171632,0,0.0,
