setting,C,class_weight,features,penalty,cv_roc_auc_mean,cv_roc_auc_sd,cv_pr_auc_mean,cv_pr_auc_sd,fit_seconds_mean,rank
0,0.0001,none,bins_3da,l2,0.7134895410598958,0.03034199281135564,0.4949279063881681,0.03791650297603746,1.295628547668457,47
1,0.0001,none,bins_18da,l2,0.6765214145095906,0.038008764833228424,0.42649227936979806,0.04881160290490189,0.17548656463623047,90
2,0.0001,none,pca_50,l2,0.6898460541249682,0.026035835914384506,0.4465787360896809,0.03386707266205868,0.8435147285461426,67
3,0.0001,none,pca_200,l2,0.7034114598711664,0.022416519999159206,0.481469424472599,0.030292376297260865,1.8055434226989746,55
4,0.0001,none,kbest_300,l2,0.7226403470441648,0.02473597642453729,0.49867067050008657,0.05138813942794682,0.5237465858459472,17
5,0.0001,none,kbest_1000,l2,0.7156595723003464,0.026484728062891167,0.48736812349669556,0.04457191979435945,0.4891090393066406,46
6,0.0001,balanced,bins_3da,l2,0.7187689340362816,0.029920316589048628,0.4925807808960084,0.03649865597398328,0.48038530349731445,33
7,0.0001,balanced,bins_18da,l2,0.6880090710652207,0.036379616378278794,0.4375273972767693,0.04879651089055039,0.1825572967529297,70
8,0.0001,balanced,pca_50,l2,0.6977218215854532,0.024942285092925776,0.4433946684166813,0.033635272954889966,0.8723518371582031,60
9,0.0001,balanced,pca_200,l2,0.7108109244057317,0.020902385901797875,0.4781225811123731,0.029204393604267586,1.7720759391784668,52
10,0.0001,balanced,kbest_300,l2,0.7277842973126702,0.0250089456705609,0.5030337496133793,0.048558684203711115,0.574798583984375,12
11,0.0001,balanced,kbest_1000,l2,0.7207193382253733,0.025635841244205454,0.48964793990651395,0.042045788589547904,0.5406243324279785,24
12,0.001,none,bins_3da,l2,0.7180212125832226,0.030909329979328094,0.5047922819788829,0.04283333395339642,0.78990159034729,34
13,0.001,none,bins_18da,l2,0.7294491687708392,0.02754183588889111,0.5135896743304065,0.03783420087537171,0.24337615966796874,10
14,0.001,none,pca_50,l2,0.7128608254368641,0.026140198913351897,0.48878965132035346,0.020463536988666785,0.8624434471130371,49
15,0.001,none,pca_200,l2,0.7199043007041009,0.019445163707019666,0.5173168958894119,0.025213017377205573,1.4425251960754395,29
16,0.001,none,kbest_300,l2,0.7363272004074031,0.030215799504637226,0.5393615687172528,0.038105028740837855,0.5111188411712646,4
17,0.001,none,kbest_1000,l2,0.7326027622007178,0.026923588002411663,0.5289486434932151,0.044460818335402046,0.6063303470611572,7
18,0.001,balanced,bins_3da,l2,0.7157600748185728,0.031640534198610286,0.49493312182084026,0.04525887395203599,0.790163803100586,45
19,0.001,balanced,bins_18da,l2,0.7340196051301924,0.026112495621810294,0.5084817779703095,0.03725476450247549,0.2713473796844482,6
20,0.001,balanced,pca_50,l2,0.7172638515565728,0.023435611993797834,0.4699001942890673,0.024838653375410306,0.7414071083068847,43
21,0.001,balanced,pca_200,l2,0.7237068607298647,0.01682853150351448,0.501559432610563,0.02638692080897302,2.5141844272613527,16
22,0.001,balanced,kbest_300,l2,0.7376103173301815,0.02784363907342861,0.5283745339877247,0.03708628312924818,0.8463062763214111,3
23,0.001,balanced,kbest_1000,l2,0.7304635311888955,0.02593138896105888,0.5167716180497657,0.04608420256890315,0.5790086269378663,9
24,0.01,none,bins_3da,l2,0.6960968021433868,0.032014393985308406,0.4559949146384186,0.04823307489626915,1.2287127494812011,61
25,0.01,none,bins_18da,l2,0.7278908254051629,0.02732013292985266,0.49803479478620616,0.041627915460335334,0.30821905136108396,11
26,0.01,none,pca_50,l2,0.7169967849688991,0.024192964813799994,0.4943898009038371,0.017496155438519647,0.8322854518890381,44
27,0.01,none,pca_200,l2,0.7191677041475341,0.017429808088415818,0.515340733540284,0.024937308035428214,1.4778144836425782,32
28,0.01,none,kbest_300,l2,0.7252997009008082,0.02886937544046789,0.5184647524809285,0.04798865524925832,0.5178136348724365,14
29,0.01,none,kbest_1000,l2,0.7134726203062906,0.030121746836548828,0.4977377163549169,0.06031565952249195,0.6336195468902588,48
30,0.01,balanced,bins_3da,l2,0.6950643561961446,0.03214640640281818,0.4536230927653541,0.04808165240269737,1.1493204593658448,62
31,0.01,balanced,bins_18da,l2,0.726033713744106,0.028949092314542766,0.4869774956540704,0.044219474988465055,0.32028493881225584,13
32,0.01,balanced,pca_50,l2,0.7205097252768828,0.022503342983148985,0.47444507433548544,0.022468786720214292,0.7807213306427002,25
33,0.01,balanced,pca_200,l2,0.7212623932936851,0.014740195890358883,0.5016246193442081,0.0242071215418997,2.1109314918518067,18
34,0.01,balanced,kbest_300,l2,0.723907425380897,0.02711689354597017,0.49866561508164525,0.04384990049407503,0.9345783233642578,15
35,0.01,balanced,kbest_1000,l2,0.7074387363645078,0.03075258039662849,0.49068786147367527,0.06015374330111955,0.6472460746765136,53
36,0.1,none,bins_3da,l2,0.6845443222368639,0.03161976027130992,0.4318500696083099,0.04709939777545038,1.3379984855651856,74
37,0.1,none,bins_18da,l2,0.7010037320226797,0.03277860309916549,0.4343720344272749,0.047123303707878365,0.4220468044281006,57
38,0.1,none,pca_50,l2,0.7174731446434128,0.023891785881569857,0.49491997254081177,0.017704547438993384,0.9558295726776123,39
39,0.1,none,pca_200,l2,0.7176292977678957,0.01670460030856203,0.5134647124523808,0.025584381609684757,2.3116336822509767,35
40,0.1,none,kbest_300,l2,0.7111949822301252,0.029513607658345712,0.483056559962015,0.050074955682673984,0.652622127532959,50
41,0.1,none,kbest_1000,l2,0.6858669202736892,0.034622015381482976,0.45339249635927875,0.06467884449526207,0.7402415752410889,72
42,0.1,balanced,bins_3da,l2,0.6841918432074778,0.03178251952834968,0.43135363748320826,0.04640498601970638,1.5064456462860107,75
43,0.1,balanced,bins_18da,l2,0.6988908307676718,0.03247884378346265,0.4308290760969321,0.049630573438546245,0.46457643508911134,58
44,0.1,balanced,pca_50,l2,0.7207929636932573,0.022279048491287156,0.4750903675994619,0.02135028828956329,1.6558621883392335,22
45,0.1,balanced,pca_200,l2,0.7200790952615519,0.01442819683815728,0.5015984089874832,0.024554601180985538,2.0080853939056396,26
46,0.1,balanced,kbest_300,l2,0.7064578998581551,0.03032706387409639,0.4633187173083603,0.047521894291615345,0.9190590381622314,54
47,0.1,balanced,kbest_1000,l2,0.6830490558617568,0.034856281022268384,0.452367350359234,0.06447108239015127,0.7031029224395752,77
48,1.0,none,bins_3da,l2,0.6789051529251673,0.030479761639637486,0.4209257756918646,0.03937286513384099,1.1482100009918212,83
49,1.0,none,bins_18da,l2,0.6810040852060202,0.033425255297571455,0.40146028775829556,0.044465175503097726,0.6240506172180176,78
50,1.0,none,pca_50,l2,0.7175336425813634,0.023842215109934124,0.4948791144962087,0.01759772213667499,1.2587674617767335,36
51,1.0,none,pca_200,l2,0.7174049587755673,0.01671571781519844,0.5131487439003003,0.025549897565577996,2.073906993865967,41
52,1.0,none,kbest_300,l2,0.6984848214169266,0.03422745956236467,0.46044382508986975,0.04969972045169026,0.6391827583312988,59
53,1.0,none,kbest_1000,l2,0.665741827901764,0.037282650783795175,0.41896185475624426,0.06375814769557285,0.8944633960723877,94
54,1.0,balanced,bins_3da,l2,0.6780089164766292,0.031834485507123415,0.42073125504739795,0.041372676396620345,1.1666427612304688,87
55,1.0,balanced,bins_18da,l2,0.6802908530081546,0.0339203317977285,0.40021913861562275,0.04559538545738836,0.6512082576751709,79
56,1.0,balanced,pca_50,l2,0.7208249612274523,0.022254016405738413,0.47518207808086455,0.021295747816665104,0.8799753665924073,20
57,1.0,balanced,pca_200,l2,0.7198471458220459,0.014383906563985025,0.5014449050023406,0.02464811274420427,1.8919093132019043,31
58,1.0,balanced,kbest_300,l2,0.6929102633169242,0.03760856518555077,0.4427676507081135,0.0517355485620414,0.6526439189910889,64
59,1.0,balanced,kbest_1000,l2,0.6645174710600139,0.03716410882266927,0.41732503223071094,0.06377586403625526,0.8175007820129394,95
60,10.0,none,bins_3da,l2,0.6787801453817244,0.03143433904488861,0.4314790087366912,0.04380877419919721,0.7033003330230713,85
61,10.0,none,bins_18da,l2,0.6790512882576787,0.0318567511185928,0.39383399525039436,0.042956828477495386,0.527178955078125,81
62,10.0,none,pca_50,l2,0.717501281777621,0.023795981599312968,0.49483624763116996,0.01762211418496543,0.6669328212738037,37
63,10.0,none,pca_200,l2,0.7174114468832041,0.016695691504371904,0.513177700691865,0.025583569930060956,1.7671657085418702,40
64,10.0,none,kbest_300,l2,0.693421672621777,0.03661395702371905,0.4510333262777742,0.05290930653473954,0.6576170444488525,63
65,10.0,none,kbest_1000,l2,0.6580532227308702,0.03807525574231108,0.40574611060436333,0.06422372326463023,0.9729985237121582,98
66,10.0,balanced,bins_3da,l2,0.6713128398258992,0.03142218964267038,0.4159005974536364,0.041535553803453924,0.8552034854888916,93
67,10.0,balanced,bins_18da,l2,0.6790283931568565,0.031862094398480985,0.3954083619236307,0.041222107372759303,0.6360321044921875,82
68,10.0,balanced,pca_50,l2,0.7208183981696765,0.022230789330756954,0.4750933482009064,0.021183313983476806,1.0153995513916017,21
69,10.0,balanced,pca_200,l2,0.7199053136206206,0.014417798393097548,0.5015574496430093,0.02444371301622477,2.1656344890594483,28
70,10.0,balanced,kbest_300,l2,0.6883009337615134,0.0399462814431904,0.43587012793028707,0.05461374061376921,0.7614357471466064,69
71,10.0,balanced,kbest_1000,l2,0.658158177743116,0.03761782755684035,0.4060522051987744,0.06383037522859124,0.9663658142089844,97
72,100.0,none,bins_3da,l2,0.6788260499378963,0.03304276537478087,0.43296651855802815,0.04126731054647964,0.5495896816253663,84
73,100.0,none,bins_18da,l2,0.6846056917556723,0.03343162669097339,0.40520179843823856,0.044583490477642304,0.4525478363037109,73
74,100.0,none,pca_50,l2,0.7174851646848722,0.02378075856575619,0.4948634917619096,0.017549126770794645,0.8586284637451171,38
75,100.0,none,pca_200,l2,0.7173951470395408,0.016677997379062774,0.5131910189745102,0.02560562683194783,2.1477282524108885,42
76,100.0,none,kbest_300,l2,0.6926824385575403,0.036717714629475,0.4494181128255056,0.0526588596164049,0.7208579063415528,65
77,100.0,none,kbest_1000,l2,0.6556036704078049,0.03812398176312501,0.40822182749292135,0.06464602731396313,0.7591437339782715,100
78,100.0,balanced,bins_3da,l2,0.6643116330942109,0.032974858621895774,0.40412271769497543,0.04274740303031953,0.5409541130065918,96
79,100.0,balanced,bins_18da,l2,0.6841108885975744,0.03244589091860991,0.4042294984748899,0.04313888654329067,0.3985314846038818,76
80,100.0,balanced,pca_50,l2,0.7207833956251168,0.02226141594699901,0.4750734744126861,0.021179531077630664,0.7991496086120605,23
81,100.0,balanced,pca_200,l2,0.71987956754276,0.014402846993149922,0.5015017621514369,0.02451317071254133,1.8030982971191407,30
82,100.0,balanced,kbest_300,l2,0.6874221998171041,0.04054810097784546,0.4352242540195232,0.055899574136377174,0.6684816360473633,71
83,100.0,balanced,kbest_1000,l2,0.6580357388363474,0.03772815960075732,0.4089353403726938,0.0640974576770459,0.7952220916748047,99
84,0.01,none,bins_3da,l1,0.7208309101740074,0.04421923408150004,0.5181478046580867,0.04228565913960596,1.7486958026885986,19
85,0.01,none,bins_18da,l1,0.7199711081865933,0.03083323986212362,0.5036908499824183,0.0142499880481878,0.2933502197265625,27
86,0.01,balanced,bins_3da,l1,0.7322983396959586,0.04455782451452249,0.5240614919090866,0.0416730925489979,1.2569547653198243,8
87,0.01,balanced,bins_18da,l1,0.7346392450636818,0.03366339270077059,0.5130153277648934,0.0243157975894443,0.2679751873016357,5
88,0.1,none,bins_3da,l1,0.71115913987481,0.03555878958718857,0.4916484988620785,0.057335427581678304,1.855483627319336,51
89,0.1,none,bins_18da,l1,0.7499414035607859,0.023570361796485934,0.5242488826406557,0.038206134956278726,0.5102397918701171,1
90,0.1,balanced,bins_3da,l1,0.702671173236941,0.033127869431250116,0.47649678691297703,0.05579656277195306,2.024769973754883,56
91,0.1,balanced,bins_18da,l1,0.7423105353522081,0.02248315145828605,0.5036793923989855,0.038670638450118616,0.5478458404541016,2
92,1.0,none,bins_3da,l1,0.6792462555380269,0.033750515866595804,0.4253148759073146,0.04805153485992948,3.3992944240570067,80
93,1.0,none,bins_18da,l1,0.6914414276906868,0.03403231528911915,0.41867140905354805,0.04058484745778741,4.799669694900513,66
94,1.0,balanced,bins_3da,l1,0.6785605997812627,0.033298053809877416,0.42351584297718625,0.04697155402486329,3.1635963916778564,86
95,1.0,balanced,bins_18da,l1,0.689572539638392,0.035049655529728295,0.41592476795114053,0.04329012356635089,5.180840063095093,68
96,10.0,none,bins_3da,l1,0.6722733090593322,0.030390194006295036,0.40829014231481464,0.039716093574842466,3.293748712539673,91
97,10.0,none,bins_18da,l1,0.6779431278584824,0.03905860293955829,0.3964631411056972,0.04597180432891133,11.669606065750122,88
98,10.0,balanced,bins_3da,l1,0.6718908271121758,0.029735764755280534,0.40769668302175505,0.03902583703591575,3.00480318069458,92
99,10.0,balanced,bins_18da,l1,0.6776678736689885,0.03912512724983684,0.39588983919714177,0.046209599827096645,10.444657564163208,89
