logged_at,git_commit,run_id,plan_sha256,config_sha256,dataset,dataset_fingerprint,pool_fingerprint,experiment,model,seed,n,n_resistant,brier,roc_auc,pr_auc,log_loss,calibration_slope,calibration_intercept,delivered_sensitivity,delivered_specificity,supported_cutoffs,status
2026-09-30 20:39:30,ba4144c,ba4144c,f0a7b4e64cb27d39e882fd1cd5d6d206a07bfa875a1c6bbd6770fb9328ee2dc3,aaea3c0eac7f02aea2eab11308f3a0279b592528b59fa25ac442076c0cd1d6b7,ecoli_ceftriaxone,fb65868756a623ee,064a4bbbd05847f2,v1.2/ba4144c/cv,R0,42,2421,247,0.09161559031711666,0.4973862988800286,0.10149235842181634,0.3295102840461742,-3.990808681329186,1.508855269091614e-06,1.0,0.0,0,ok
2026-09-30 20:39:30,ba4144c,ba4144c,f0a7b4e64cb27d39e882fd1cd5d6d206a07bfa875a1c6bbd6770fb9328ee2dc3,aaea3c0eac7f02aea2eab11308f3a0279b592528b59fa25ac442076c0cd1d6b7,ecoli_ceftriaxone,fb65868756a623ee,064a4bbbd05847f2,v1.2/ba4144c/cv,B,42,2421,247,0.08021139835669261,0.7798122083213836,0.32410876802830363,0.2795611004135163,1.0009787478899965,-0.0059233500109898,0.8421052631578947,0.48114075436982523,0,ok
2026-09-30 20:39:30,ba4144c,ba4144c,f0a7b4e64cb27d39e882fd1cd5d6d206a07bfa875a1c6bbd6770fb9328ee2dc3,aaea3c0eac7f02aea2eab11308f3a0279b592528b59fa25ac442076c0cd1d6b7,ecoli_ceftriaxone,fb65868756a623ee,064a4bbbd05847f2,v1.2/ba4144c/cv,C,42,2421,247,0.07997000705719517,0.7674001541962613,0.32442705888427886,0.2815519595158346,0.9177437662755991,-0.0575999102479465,0.8947368421052632,0.3693652253909844,5,ok
2026-09-30 20:39:30,ba4144c,ba4144c,f0a7b4e64cb27d39e882fd1cd5d6d206a07bfa875a1c6bbd6770fb9328ee2dc3,aaea3c0eac7f02aea2eab11308f3a0279b592528b59fa25ac442076c0cd1d6b7,ecoli_ceftriaxone,fb65868756a623ee,064a4bbbd05847f2,v1.2/ba4144c/cv,D1,42,2421,247,0.07825287759709948,0.7797488910160193,0.35203733719444685,0.2752172880271083,1.036058928008175,0.0015272819735062029,0.8744939271255061,0.4139834406623735,5,ok
2026-09-30 20:39:30,ba4144c,ba4144c,f0a7b4e64cb27d39e882fd1cd5d6d206a07bfa875a1c6bbd6770fb9328ee2dc3,aaea3c0eac7f02aea2eab11308f3a0279b592528b59fa25ac442076c0cd1d6b7,ecoli_ceftriaxone,fb65868756a623ee,064a4bbbd05847f2,v1.2/ba4144c/cv,R0,43,2421,247,0.09161559031711666,0.4973862988800286,0.10149235842181634,0.3295102840461743,-3.99080868126944,1.5088552691175173e-06,1.0,0.0,0,ok
2026-09-30 20:39:30,ba4144c,ba4144c,f0a7b4e64cb27d39e882fd1cd5d6d206a07bfa875a1c6bbd6770fb9328ee2dc3,aaea3c0eac7f02aea2eab11308f3a0279b592528b59fa25ac442076c0cd1d6b7,ecoli_ceftriaxone,fb65868756a623ee,064a4bbbd05847f2,v1.2/ba4144c/cv,B,43,2421,247,0.07941973225378028,0.7640499238330062,0.3509000769058937,0.2808233023028104,1.0304917840234467,0.01093485958097091,0.854251012145749,0.4609015639374425,0,ok
2026-09-30 20:39:30,ba4144c,ba4144c,f0a7b4e64cb27d39e882fd1cd5d6d206a07bfa875a1c6bbd6770fb9328ee2dc3,aaea3c0eac7f02aea2eab11308f3a0279b592528b59fa25ac442076c0cd1d6b7,ecoli_ceftriaxone,fb65868756a623ee,064a4bbbd05847f2,v1.2/ba4144c/cv,C,43,2421,247,0.0795889251908421,0.7653348926771674,0.34265426572059154,0.2806454543071494,0.9318312211852339,-0.0551386255930243,0.8906882591093117,0.37580496780128797,5,ok
2026-09-30 20:39:30,ba4144c,ba4144c,f0a7b4e64cb27d39e882fd1cd5d6d206a07bfa875a1c6bbd6770fb9328ee2dc3,aaea3c0eac7f02aea2eab11308f3a0279b592528b59fa25ac442076c0cd1d6b7,ecoli_ceftriaxone,fb65868756a623ee,064a4bbbd05847f2,v1.2/ba4144c/cv,D1,43,2421,247,0.0792475670885275,0.7727076342047533,0.34785114753097635,0.27887883847402745,1.0236257284148025,0.023437687657863734,0.902834008097166,0.37258509659613614,5,ok
2026-09-30 20:39:30,ba4144c,ba4144c,f0a7b4e64cb27d39e882fd1cd5d6d206a07bfa875a1c6bbd6770fb9328ee2dc3,aaea3c0eac7f02aea2eab11308f3a0279b592528b59fa25ac442076c0cd1d6b7,ecoli_ceftriaxone,fb65868756a623ee,064a4bbbd05847f2,v1.2/ba4144c/cv,R0,44,2421,247,0.09161559031711666,0.4973862988800286,0.10149235842181634,0.3295102840461742,-3.990808681360586,1.5088552691114478e-06,1.0,0.0,0,ok
2026-09-30 20:39:30,ba4144c,ba4144c,f0a7b4e64cb27d39e882fd1cd5d6d206a07bfa875a1c6bbd6770fb9328ee2dc3,aaea3c0eac7f02aea2eab11308f3a0279b592528b59fa25ac442076c0cd1d6b7,ecoli_ceftriaxone,fb65868756a623ee,064a4bbbd05847f2,v1.2/ba4144c/cv,B,44,2421,247,0.07877035570498309,0.7747039915974211,0.3490660312995913,0.2772683519763321,1.0346371117399713,0.019745887861826544,0.8502024291497976,0.3951241950321987,0,ok
2026-09-30 20:39:30,ba4144c,ba4144c,f0a7b4e64cb27d39e882fd1cd5d6d206a07bfa875a1c6bbd6770fb9328ee2dc3,aaea3c0eac7f02aea2eab11308f3a0279b592528b59fa25ac442076c0cd1d6b7,ecoli_ceftriaxone,fb65868756a623ee,064a4bbbd05847f2,v1.2/ba4144c/cv,C,44,2421,247,0.0781563790469158,0.7758157689886737,0.36314502844200736,0.2758733110039385,1.0350687953426716,-0.017447778090555543,0.8906882591093117,0.3656853725850966,5,ok
2026-09-30 20:39:30,ba4144c,ba4144c,f0a7b4e64cb27d39e882fd1cd5d6d206a07bfa875a1c6bbd6770fb9328ee2dc3,aaea3c0eac7f02aea2eab11308f3a0279b592528b59fa25ac442076c0cd1d6b7,ecoli_ceftriaxone,fb65868756a623ee,064a4bbbd05847f2,v1.2/ba4144c/cv,D1,44,2421,247,0.07886904862199691,0.7731806517212995,0.35391827401337783,0.27746180435013884,1.0260024964676997,0.021920268053959836,0.8704453441295547,0.390524379024839,5,ok
2026-09-30 20:39:30,ba4144c,ba4144c,f0a7b4e64cb27d39e882fd1cd5d6d206a07bfa875a1c6bbd6770fb9328ee2dc3,aaea3c0eac7f02aea2eab11308f3a0279b592528b59fa25ac442076c0cd1d6b7,ecoli_ceftriaxone,fb65868756a623ee,064a4bbbd05847f2,v1.2/ba4144c/forward,R0,42,1506,171,0.10158254259381597,0.5,0.11354581673306773,0.35939106771729895,,,1.0,0.0,0,ok
2026-09-30 20:39:30,ba4144c,ba4144c,f0a7b4e64cb27d39e882fd1cd5d6d206a07bfa875a1c6bbd6770fb9328ee2dc3,aaea3c0eac7f02aea2eab11308f3a0279b592528b59fa25ac442076c0cd1d6b7,ecoli_ceftriaxone,fb65868756a623ee,064a4bbbd05847f2,v1.2/ba4144c/forward,B,42,1506,171,0.09801833541576135,0.705933372757737,0.2653327195470333,0.34550618798539046,1.1440882807336812,0.7401105638286293,0.5555555555555556,0.7408239700374532,0,ok
2026-09-30 20:39:30,ba4144c,ba4144c,f0a7b4e64cb27d39e882fd1cd5d6d206a07bfa875a1c6bbd6770fb9328ee2dc3,aaea3c0eac7f02aea2eab11308f3a0279b592528b59fa25ac442076c0cd1d6b7,ecoli_ceftriaxone,fb65868756a623ee,064a4bbbd05847f2,v1.2/ba4144c/forward,C,42,1506,171,0.09831642381345167,0.7215235341787676,0.25811432780154164,0.34318232637342555,1.3805092541674813,0.6653431336414621,0.7894736842105263,0.503370786516854,1,ok
2026-09-30 20:39:30,ba4144c,ba4144c,f0a7b4e64cb27d39e882fd1cd5d6d206a07bfa875a1c6bbd6770fb9328ee2dc3,aaea3c0eac7f02aea2eab11308f3a0279b592528b59fa25ac442076c0cd1d6b7,ecoli_ceftriaxone,fb65868756a623ee,064a4bbbd05847f2,v1.2/ba4144c/forward,D1,42,1506,171,0.09915063857966716,0.6901329478502748,0.25374854730276764,0.3535378373582495,1.0846711729088143,0.8110017527652172,0.5672514619883041,0.6771535580524345,1,ok
2026-09-30 22:44:27,a2d6ee2,a2d6ee2,ee8be88e641ee31595c1cf9fad51a1708430372b4e40f7f9bcc854be52639151,d05e94886f1a18a2f6a843ff8fcd5f297a554264ad4433d1633c1a58a2cb0b68,ecoli_ceftriaxone,fb65868756a623ee,064a4bbbd05847f2,v1.3/a2d6ee2/2017H1,rule-E,42,730.0,68.0,0.08045687565622733,0.7486893548960369,0.2447099283010083,0.28578250592872295,1.5405779728773814,0.35863571217325785,0.7941176470588235,0.5438066465256798,1.0,ok
2026-09-30 22:44:27,a2d6ee2,a2d6ee2,ee8be88e641ee31595c1cf9fad51a1708430372b4e40f7f9bcc854be52639151,d05e94886f1a18a2f6a843ff8fcd5f297a554264ad4433d1633c1a58a2cb0b68,ecoli_ceftriaxone,fb65868756a623ee,064a4bbbd05847f2,v1.3/a2d6ee2/2017H1,rule-U,42,730.0,68.0,0.08045687565622733,0.7486893548960369,0.2447099283010083,0.28578250592872295,1.5405779728773814,0.35863571217325785,0.9705882352941176,0.11178247734138973,1.0,ok
2026-09-30 22:44:27,a2d6ee2,a2d6ee2,ee8be88e641ee31595c1cf9fad51a1708430372b4e40f7f9bcc854be52639151,d05e94886f1a18a2f6a843ff8fcd5f297a554264ad4433d1633c1a58a2cb0b68,ecoli_ceftriaxone,fb65868756a623ee,064a4bbbd05847f2,v1.3/a2d6ee2/2017H2,rule-E,42,723.0,88.0,0.09979571353171471,0.6803328561202577,0.2927423207942331,0.35525578182389206,0.80915689131365,0.5837083880312371,0.8295454545454546,0.34488188976377954,1.0,ok
2026-09-30 22:44:27,a2d6ee2,a2d6ee2,ee8be88e641ee31595c1cf9fad51a1708430372b4e40f7f9bcc854be52639151,d05e94886f1a18a2f6a843ff8fcd5f297a554264ad4433d1633c1a58a2cb0b68,ecoli_ceftriaxone,fb65868756a623ee,064a4bbbd05847f2,v1.3/a2d6ee2/2017H2,rule-U,42,723.0,88.0,0.09979571353171471,0.6803328561202577,0.2927423207942331,0.35525578182389206,0.80915689131365,0.5837083880312371,0.8977272727272727,0.2110236220472441,1.0,ok
2026-09-30 22:44:27,a2d6ee2,a2d6ee2,ee8be88e641ee31595c1cf9fad51a1708430372b4e40f7f9bcc854be52639151,d05e94886f1a18a2f6a843ff8fcd5f297a554264ad4433d1633c1a58a2cb0b68,ecoli_ceftriaxone,fb65868756a623ee,064a4bbbd05847f2,v1.3/a2d6ee2/pooled,rule-E,42,1453.0,156.0,,,,,,,0.8141025641025641,0.4464148033924441,1.0,ok
2026-09-30 22:44:27,a2d6ee2,a2d6ee2,ee8be88e641ee31595c1cf9fad51a1708430372b4e40f7f9bcc854be52639151,d05e94886f1a18a2f6a843ff8fcd5f297a554264ad4433d1633c1a58a2cb0b68,ecoli_ceftriaxone,fb65868756a623ee,064a4bbbd05847f2,v1.3/a2d6ee2/pooled,rule-U,42,1453.0,156.0,,,,,,,0.9294871794871795,0.16037008481110254,1.0,ok
2026-09-30 22:44:27,a2d6ee2,a2d6ee2,ee8be88e641ee31595c1cf9fad51a1708430372b4e40f7f9bcc854be52639151,d05e94886f1a18a2f6a843ff8fcd5f297a554264ad4433d1633c1a58a2cb0b68,ecoli_ceftriaxone,fb65868756a623ee,064a4bbbd05847f2,v1.3/a2d6ee2/2017H1,recalibrated-intercept,42,,,0.08062340759078078,,,,,0.38765125174314785,,,,ok
2026-09-30 22:44:27,a2d6ee2,a2d6ee2,ee8be88e641ee31595c1cf9fad51a1708430372b4e40f7f9bcc854be52639151,d05e94886f1a18a2f6a843ff8fcd5f297a554264ad4433d1633c1a58a2cb0b68,ecoli_ceftriaxone,fb65868756a623ee,064a4bbbd05847f2,v1.3/a2d6ee2/2017H2,recalibrated-intercept,42,,,0.09879878870768966,,,,,0.42349614819313713,,,,ok
